"Dataset","Type","KC","Intercept","Slope_time","Slope_opp"
"ds1980","KC","allSkill","0.743617953126233","0.000337283564992943",-0.0864774405558618
"ds1980","KC","allSkill*a","0.085810424834961","3.89211232464441e-05",-0.0260759808709177
"ds1980","KC","allSkill*a-an_combined-ordinal_number","0.599117445201418","0.000271742319987661",-0.0147902700310014
"ds1980","KC","allSkill*adjective_phrase","-1.25957106595831","-0.000571304952633739",0.112659179882111
"ds1980","KC","allSkill*a*produce_general_count_a","0.243257195010323","0.000110334417826162",-0.0385473146627708
"ds1980","KC","allSkill*explain_already_known","-0.510815097038143","-0.000231690932496884",0.0812304717701556
"ds1980","KC","allSkill*explain_prep_phrase","-1.74150645866616","-0.000789896887733486",0.154111720537133
"ds1980","KC","allSkill*explain_same","0.652579137966256","0.000295990995332944",-0.0119573336602803
"ds1980","KC","allSkill*INDEF-spelling_NOmatch","0.2499047522968","0.000113349557267931",-0.043421986677827
"ds1980","KC","allSkill*INDEF-spelling_NOmatch*explain_single_letter","1.48616003483777","0.000674079145874289",-0.140724831214897
"ds1980","KC","allSkill*INDEF-spelling_NOmatch*explain_single_letter*explain_single_letter-H","-1.2221346884969","-0.000554324896144351",0.115724211208096
"ds1980","KC","allSkill*INDEF-spelling_NOmatch*produce_general_count_a","-0.862633393723477","-0.000391265521621457",0.0816829519610395
"ds1980","KC","allSkill*INDEF-spelling_NOmatch*produce_single_letter","-1.94904640715192","-0.000884030997069395",0.192718335768133
"ds1980","KC","allSkill*none","-0.0594235344910678","-2.69527940703526e-05",-0.0137969058448052
"ds1980","KC","allSkill*none*explain_no_article","-0.343866741455263","-0.000155967993985279",0.0902987658469379
"ds1980","KC","allSkill*none*gneral_non-count","-0.625035586082196","-0.000283498037984392",-0.00320240740976061
"ds1980","KC","allSkill*none*gneral_non-count*explain_no_article","0.39613688811839","0.0001796762185314",-0.0564681325699596
"ds1980","KC","allSkill*ordinal_number","1.13812762055379","0.000516221723350663",-0.0800220264522611
"ds1980","KC","allSkill*produce_explain-h-explain_single_letter","1.45037663852731","0.00065784883375715",-0.145695344103372
"ds1980","KC","allSkill*produce_explain-tutorONLYnew-explain_general_count_a","-0.810812208321414","-0.000367760932899402",0.0184988038425457
"ds1980","KC","allSkill*produce_for-each_per","2.08729141432944","0.000946734928123348",-0.22775260481345
"ds1980","KC","allSkill*skill-tutorONLY-with-deceptive-initial-general_count_an","0.0774561884548138","3.51318836009464e-05",0.0118051892621007
"ds1980","KC","allSkill*the","0.600282346218908","0.000272270685348383",-0.0879515803325338
"ds1980","KC","allSkill*the*a-an_combined-same","2.9143734425194","0.00132187538006743",-0.272059980266165
"ds1980","KC","allSkill*the*already_mentioned","1.83641648859851","0.000832945328286315",-0.191599933351887
"ds1980","KC","allSkill*the*ordinal_number","1.44267750598938","0.000654356730239708",-0.106029326954388
"ds445","KC","all","0.162982235592761","-0.000825748682298447",0.252296978722359
"ds445","KC","all*9","2.04258479207312","0.00214857884286309",-0.531294924142889
"ds445","KC","all*NearBench","-0.680188929457701","-0.0014412434943246",0.405579042715768
"ds445","KC","all*NearBench*1/10","1.39813772740567","0.001912989404487",-0.429475915181982
"ds445","KC","all*NearBench*1/8","0.00584454459493237","-0.000892801764875272",0.240242468464435
"ds445","KC","all*NearBench*5/6","0.0055558811577786","0.000451818545417843",-0.0875597497262548
"ds445","KC","all*NearBench*Click","-0.182193545838136","-0.000235738123327659",0.0566280388055684
"ds445","KC","all*NearBench*Click*1/10","0.419022972611043","0.000253613106131811",-0.0205199113845495
"ds445","KC","all*NearBench*Click*9/10","0.718553244049067","9.03754701052854e-05",0.008803701631398
"ds445","KC","all*NearBench*Click*NonUnitNearBench","-0.940636558358914","-0.00124665639171219",0.274853764537611
"ds445","KC","all*NotNear","-0.620620250121671","-0.00097011122726603",0.0690541402366304
"ds445","KC","all*NotNear*1/3","-0.733973473116868","0.000135640474183522",-0.049588687553574
"ds445","KC","all*NotNear*2/5","-0.682992906040116","3.80367529435306e-05",-0.0145600682417364
"ds445","KC","all*NotNear*3/7","-1.08585936189847","-0.00110629542641421",0.264145393366693
"ds445","KC","all*NotNear*5/8","-0.559839407276031","-0.000409845517637494",0.0684998848871985
"ds445","KC","all*NotNear*Click","0.206573131600553","0.00103480916598522",-0.278917403188643
"ds445","KC","all*NotNear*Click*3/7","-2.3491355186953","-0.00313768094942609",0.789145021919512
"ds445","KC","all*NotNear*Click*NonUnitNotNear","-0.922107491675747","0.000213435955979078",-0.017751114133567
"ds445","KC","all*NotNear*Click*NonUnitNotNear*3/5","-1.67022487049858","-0.00188561175814669",0.460538674874485
"ds445","KC","all*NotNear*Click*NonUnitNotNear*7/10","-0.371725550478741","-0.000387840674151842",0.0889053546188945
"ds445","KC","all*Whole-numC","-2.47588379129729","-0.00505760701477547",1.37557979931162
"ds563","KC","compare_comparison","0.740567071406718","0.0273428943524569",-0.0519371633703007
"ds563","KC","denominator_addition","1.132441407884","0.0273422368246008",0.0735877989649827
"ds563","KC","denominator_comparison","1.42220756894247","0.0273409444998087",-0.0761083337084457
"ds563","KC","denominator_equivalentConc","-0.32415194567091","0.0273435661098915",0.0143848598912598
"ds563","KC","denominator_equivalentProc","0.829602390329247","0.0273439825175751",0.00317081926186214
"ds563","KC","denominator_makeFract","1.95291528528008","0.0273439156372882",-0.0654770626291033
"ds563","KC","denominator_makeImpFract","-0.0420746457845138","0.0273429616496706",-0.0202487636304263
"ds563","KC","denominator_nameFract","1.1424645888391","0.0273412655722847",-0.0238701379271744
"ds563","KC","denominator_nameImpFract","-0.405931750100576","0.0273424794066433",-0.0459718950463429
"ds563","KC","denominator_recUnit","-0.254787216904145","0.0273451452173523",0.104180550322199
"ds563","KC","denominator_subtraction","1.15089984876574","0.0273425350477674",0.10468348130846
"ds563","KC","dragPiece_makeFract","2.31129843495828","0.0273988970616499",0.317231361362864
"ds563","KC","dragPiece_makeImpFract","1.50100723456242","0.0273468834437614",0.132752369061674
"ds563","KC","makeFract_addition","-1.20738958838912","0.0273431922699485",0.191405571766678
"ds563","KC","makeFract_comparison","-1.01206972511669","0.0273465672111727",-0.160933917054121
"ds563","KC","makeFract_equivalentConc","-2.05630184335332","0.0273436928192114",0.0819116292896182
"ds563","KC","makeFract_equivalentProc","-0.775054664586405","0.0273435721767183",0.0154283019552666
"ds563","KC","makeFract_makeFract","1.42570671086063","0.0273468458754377",-0.282813377102274
"ds563","KC","makeFract_makeImpFract","-0.806076490476464","0.0273429659775734",0.0958849214209907
"ds563","KC","makeFract_recUnit","-0.975505258124239","0.0272921525476827",0.335719073131967
"ds563","KC","makeFract_subtraction","-1.32992862939814","0.0273422564201842",-0.0301846397351892
"ds563","KC","multiply_equivalentConc","0.145500712523933","0.0273404288191963",0.00191938195168863
"ds563","KC","numerator_addition","0.377786110933783","0.0273459422919234",-0.047421990316538
"ds563","KC","numerator_comparison","0.634653014179305","0.0273431711353157",-0.0683721973826541
"ds563","KC","numerator_equivalentConc","0.0925604616010353","0.0273436038808407",0.00420412230360781
"ds563","KC","numerator_equivalentProc","1.01728249384392","0.0273433727112876",-0.0257759787421215
"ds563","KC","numerator_makeFract","1.31903819109591","0.0273454803120337",-0.0747865627262339
"ds563","KC","numerator_makeImpFract","-0.714097418449977","0.0273433518697236",-0.0164952354516061
"ds563","KC","numerator_nameFract","1.36335043896272","0.0273464392970622",-0.0345398082705237
"ds563","KC","numerator_nameImpFract","-0.869764739231986","0.0273430703659266",-0.0415158726609835
"ds563","KC","numerator_recUnit","-1.15376415827257","0.0273433271456289",0.0966405094440769
"ds563","KC","numerator_subtraction","0.821838239659665","0.0273426184534999",0.0541791036449275
"ds563","KC","SE_addition_addition","0.84929219859604","0.0273401519590186",0.162379664053512
"ds563","KC","SE_addition_subtraction","0.472160979874875","0.0273424856330954",0.126209276227604
"ds563","KC","SE_comparison_comparison","0.176042559209494","0.0273443356229552",-0.0686169530946694
"ds563","KC","SE_comparison_makeFract","-0.0367534963147006","0.0273458345154147",-0.0195300260288169
"ds563","KC","SE_comparison_nameFract","-0.170761985150248","0.0273458547590613",-0.0489043026310447
"ds563","KC","SE_denominator_addition","-0.445449337517363","0.0273430044252764",0.150763848292419
"ds563","KC","SE_denominator_subtraction","0.774804415351739","0.0273410690823019",0.0352186124772129
"ds563","KC","SE_equivalence_comparison","-0.587652136287526","0.0273424983889771",0.0403519200274068
"ds563","KC","SE_equivalence_equivalentConc","0.222402367534502","0.0273442774083897",-0.0530531289613662
"ds563","KC","SE_equivalence_equivalentProc","0.516092318484437","0.0273429616163938",0.0551941147396814
"ds563","KC","SE_findUnit_makeFract","-0.170126270372386","0.0273509985569863",0.187686723630347
"ds563","KC","SE_findUnit_recUnit","0.599215701452665","0.0273351956886799",0.0988449135638431
"ds563","KC","SE_numerator_addition","0.164746594583417","0.0273414107642876",0.233366446491954
"ds563","KC","SE_numerator_subtraction","1.44277865384773","0.0273443516334647",-0.0285057229370878
"ds563","KC","unit_addition","-0.611060103239714","0.0273418006989356",0.0748272476425753
"ds563","KC","unit_makeImpFract","-0.156308457758156","0.0273422724941336",0.129882651527329
"ds563","KC","unit_nameFract","0.889347709175087","0.0273538633870948",-0.15636271547482
"ds563","KC","unit_nameImpFract","-0.594178321510229","0.0273437588555911",-0.14561323158428
"ds563","KC","unit_subtraction","0.957344788866434","0.0273419408760456",-0.00324698272172328
"ds563","KC","wholeNumber_equivalentConc","-0.563411174054228","0.0273395752632727",0.244330695908176
"ds563","KC","wholeNumber_makeImpFract","0.75049484000507","0.0273434267332907",-0.00215719826833742
"ds563","KC","wholeNumber_nameImpFract","-0.584539003606039","0.0273409442134238",0.0825069282689595
"ds565","KC","compareLarger_comparison","0.74765979720506","2.59176393230074e-07",-0.0540477332948211
"ds565","KC","compareSmaller_comparison","-0.428922749588378","2.4095712794686e-06",0.421818747713529
"ds565","KC","multiply_equivalentConc","-0.527676798383475","1.47314154380455e-06",-0.0644184410229623
"ds565","KC","nameFract_denom_addition","1.06336133932165","2.95573624274085e-07",-0.135301698533632
"ds565","KC","nameFract_denom_comparison","0.518794518496934","-1.17963420470485e-06",-0.0863683244057608
"ds565","KC","nameFract_denom_equivalentConc","0.0741621036623941","1.26204672679476e-06",-0.0989705585564132
"ds565","KC","nameFract_denom_equivalentProc","0.741485639483592","3.14369039273934e-07",-0.128065920051049
"ds565","KC","nameFract_denom_makeImpFract","0.110689136546476","2.12198914283366e-06",-0.100001757506766
"ds565","KC","nameFract_denom_nameFract","0.45007228021038","-8.99547196068344e-07",0.0806728047524508
"ds565","KC","nameFract_denom_nameImpFract","-0.727255592177988","-4.00429074949398e-07",-0.109718991094022
"ds565","KC","nameFract_denom_subtraction","1.53733945483744","7.5062496229004e-07",-0.0894244040565049
"ds565","KC","nameFract_num_addition","0.781797985174862","-7.63449999435006e-07",-0.138302814204142
"ds565","KC","nameFract_num_comparison","0.308377220591124","-6.18702195112881e-07",-0.111906609989192
"ds565","KC","nameFract_num_equivalentConc","0.0884507856693657","1.6972568418704e-06",-0.0836644915017321
"ds565","KC","nameFract_num_equivalentProc","0.693786067718792","4.32884961568818e-07",-0.101179661427443
"ds565","KC","nameFract_num_makeImpFract","-0.69803883038558","-1.75539683769149e-07",-0.107216958772954
"ds565","KC","nameFract_num_nameFract","0.993531264641235","1.38911803091861e-07",-0.023548077696168
"ds565","KC","nameFract_num_nameImpFract","-0.781697470601029","-3.07475040193518e-07",-0.12551989522281
"ds565","KC","nameFract_num_subtraction","0.712936226752348","1.65423641240116e-06",-0.0514259454820066
"ds565","KC","numSect_denom_makeFract","0.600212160983459","-1.19882883082423e-06",-0.0673088316718488
"ds565","KC","numSect_denom_makeImpFract","-0.947993434079106","5.91948298467201e-07",-0.0595677516836597
"ds565","KC","numSect_denom_nameFract","-0.197395929263077","-7.99668939141328e-07",-0.000576233383743019
"ds565","KC","numSect_denom_nameImpFract","-0.895798791602904","-8.45252312201499e-07",-0.11293056372071
"ds565","KC","numSect_denom_recUnit","0.0194520509326602","6.91570403326086e-07",0.119892903839453
"ds565","KC","numSect_num_addition","-0.399795532236594","-1.62976301471395e-06",-0.0757410217048035
"ds565","KC","numSect_num_makeFract","1.2533874499392","-6.35095794101917e-07",-0.123357772345266
"ds565","KC","numSect_num_makeImpFract","-1.61510081883508","-5.59665261702138e-07",0.023243805938226
"ds565","KC","numSect_num_nameFract","0.0861668201733513","-1.25550459337101e-06",-0.0558888120064366
"ds565","KC","numSect_num_nameImpFract","-1.02675993257572","-2.40320234759274e-07",-0.0882043141149177
"ds565","KC","numSect_num_recUnit","-1.21155873243193","3.31261501273879e-07",0.204891588615753
"ds565","KC","numSect_num_subtraction","0.568886495657122","-1.10634335658537e-06",-0.102870324011465
"ds565","KC","numUnit_makeImpFract","0.766266067682722","2.15555947155317e-07",-0.0494786406016872
"ds565","KC","numUnit_nameImpFract","-0.579995630778644","-1.58841371121166e-06",0.010195215098815
"ds565","KC","one_equivalentConc","-0.531053742382116","2.16107474022987e-07",0.223309243330454
"ds565","KC","partitionDenom_addition","-0.928303320813347","-3.62163608178902e-06",-0.545725525587626
"ds565","KC","partitionDenom_comparison","-1.64778496473583","-1.64316528625849e-06",-0.102296042351783
"ds565","KC","partitionDenom_equivalentConc","-0.827394605152133","-1.14880542416223e-06",-0.0550226247721829
"ds565","KC","partitionDenom_equivalentProc","-0.49886995014306","6.68358157054902e-07",-0.0230930795746034
"ds565","KC","partitionDenom_subtraction","-0.164589098890481","-2.40862119891245e-06",-0.41602286805627
"ds565","KC","placeDot_addition","-1.21970493136034","-2.40985521043625e-06",-0.0554959310372161
"ds565","KC","placeDot_equivalentConc","-2.0949002595555","-3.65950059032369e-07",0.260467456359676
"ds565","KC","placeDot_makeFract","1.67363842830324","1.14155176041531e-06",-0.196935006344763
"ds565","KC","placeDot_makeImpFract","-0.113341142068615","-1.37937024046067e-08",-0.0289730380681624
"ds565","KC","placeDot_recUnit","0.203933900092093","-3.44103229633669e-08",0.0347897951731168
"ds565","KC","placeDot_subtraction","-0.645494697809302","-1.85654687076981e-06",-0.368145031737026
"ds565","KC","relationAmount_comparison","0.553763342871951","-2.06416787129562e-06",-0.250427021651963
"ds565","KC","relationAmount_equivalentConc","-0.575730761216521","4.2969458820561e-08",0.221623204461591
"ds565","KC","relationAmount_makeFract","0.184473583903793","2.00956317539168e-07",-0.0115066251256956
"ds565","KC","relationAmount_nameFract","-0.453327320756253","-4.0721075292638e-07",-0.0124704239957689
"ds565","KC","relationComparison_comparison","0.355937603746254","7.07554460844144e-07",-0.109154509807891
"ds565","KC","relationEquivalence_comparison","-0.607137120571205","-1.34666515357922e-07",-0.0212415393153705
"ds565","KC","relationEquivalence_equivalentConc","0.0180894603211719","-3.4913251140235e-07",-0.113813321560728
"ds565","KC","relationFract_makeFract","0.913942054812268","4.68231126589527e-07",-0.12524914343301
"ds565","KC","relationFract_nameFract","0.0121809838185158","6.89663022209284e-07",-0.0284681895089367
"ds565","KC","relationSectNumber_makeFract","0.50794177466129","8.86596270300237e-07",0.0529565301721744
"ds565","KC","relationSectNumber_nameFract","-0.115115481670294","7.58493789478759e-07",0.0992139104146897
"ds565","KC","relationSectSize_makeFract","0.454412799863048","-4.71849872472095e-07",-0.00753572761817688
"ds565","KC","relationSectSize_nameFract","-1.09063104910089","4.90318453797466e-07",0.339463082053634
"ds565","KC","relationSum_addition","0.666618253565955","1.21085467181416e-07",0.127193258163739
"ds565","KC","relationSum_subtraction","1.54386360099155","1.24398348678225e-06",0.0490196578681564
"ds565","KC","repeatDenomTimes_makeFract","0.0284615632110739","1.33036668281811e-06",0.232139423701184
"ds565","KC","repeatDenomTimes_recUnit","0.671485073534405","1.07324518304999e-06",0.170816483674261
"ds565","KC","repeatUnit_makeFract","-0.182071642541204","3.14312130634432e-06",0.616181758203416
"ds565","KC","repeatUnit_recUnit","1.22329373250341","2.05358582549583e-06",0.261406391644407
"ds565","KC","whatIsDenom_addition","0.0667150881012441","1.47367553326473e-07",0.0888918140011624
"ds565","KC","whatIsDenom_subtraction","1.12523774023347","6.9018734698331e-07",0.000978558634771035
"ds565","KC","whatIsNum_addition","0.454354143346769","-1.36433641617963e-07",0.0446063964026186
"ds565","KC","whatIsNum_subtraction","1.91356978369719","1.06095670317875e-06",-0.135660955839602
"ds565","KC","whatIsUnit_addition","0.306686807868954","2.69435981963161e-07",-0.00795204259486939
"ds565","KC","whatIsUnit_makeFract","1.09210379322135","7.22366415106585e-07",-0.00667228856047949
"ds565","KC","whatIsUnit_makeImpFract","0.982536590520555","-3.37598681516293e-07",0.0184008202420193
"ds565","KC","whatIsUnit_nameFract","0.187454100430911","-5.47481733197096e-07",-0.0516778915286538
"ds565","KC","whatIsUnit_nameImpFract","-0.23208603487957","-2.15330206102511e-06",0.158686139724951
"ds565","KC","whatIsUnit_subtraction","1.47384608219774","6.35335689645297e-07",-0.0209722718721006
"ds565","KC","whyDifferent_equivalentConc","1.2259140934105","-5.63840203411687e-07",-0.29780947610003
"ds565","KC","whyDifferent_equivalentProc","0.849309575635627","1.81434834995336e-07",-0.029905261500847
"ds565","KC","whyTheSame_equivalentConc","0.375433960446215","-4.9799024618328e-07",-0.0601323472405772
"ds565","KC","whyTheSame_equivalentProc","1.46672524925734","4.17217174789326e-07",0.0679046415475573
"ds605","KC","Enter given area","1.76534820479325","-0.0494217178379437",-0.104916748314698
"ds605","KC","Enter given measurement","2.36222059382971","-0.049412895579588",-0.280722966584407
"ds605","KC","Find added area","0.288784232609361","-0.0331930796432654",0.195873944367147
"ds605","KC","Find added areaKnow to use component areas","0.83167688459576","-0.0494066806060908",-0.0990726459968947
"ds605","KC","Find added areaSuccessfully pose component areas","-0.635447166616317","-0.0494114333714369",-0.00118122634277579
"ds605","KC","Find added areaWork with composed area in context","1.10004471761825","-0.0494070596290318",-0.409604433369631
"ds605","KC","Find added areaWork with composed area out of context","0.453166798356079","-0.0494101013892606",-0.173204601445781
"ds605","KC","Find individual area","1.2793469882391","-0.0494142457707879",-0.203743314484108
"ds605","KC","Find individual areaWork with composed area in context","0.722158361091978","-0.0494024401119438",-0.267173413408399
"ds605","KC","Find individual areaWork with composed area out of context","1.00666080094661","-0.0494104637897543",-0.20680186538277
"ds605","KC","Find subtracted areaKnow to use component areas","0.222311271711511","-0.0494082844819278",0.0639905327238888
"ds605","KC","Find subtracted areaSuccessfully pose component areas","-0.439830161375956","-0.0494150243487504",-0.00708757330710962
"ds605","KC","Find subtracted areaWork with composed area in context","0.706585510518861","-0.0494083055487721",-0.0374365334479991
"ds605","KC","Find subtracted areaWork with composed area out of context","0.615427288422848","-0.0494158511704328",0.0508096051504795
"ds605","KC","Know to pose component areas","1.04947842153528","-0.0569068883914938",0.484542520461764
"ds566","KC","0","2.51652055223076","-0.0739742837819156",-0.0879738075399394
"ds566","KC","compare_Circle","-0.539059576217566","-0.0650429536832326",-0.131565359464979
"ds566","KC","compare_NL","-0.0817158739734701","-0.0625858465242822",-0.114906979616543
"ds566","KC","compare_Rectangle","0.876408697970179","-0.073977978544264",-0.131321077926389
"ds566","KC","Delete_Delete","2.26735672753061","-0.0736644290980942",0.602484175428339
"ds566","KC","denominator_Circle","0.823414813579009","-0.0739749248858795",-0.0941521494061468
"ds566","KC","denominator_NL","-0.18842233032719","-0.0739757910683636",-0.0689929934753431
"ds566","KC","denominator_Rectangle","0.777888816274876","-0.0739749461459949",-0.0993163321126755
"ds566","KC","denominator_WE_Circle-NL","0.523854884866706","-0.0739755957943604",-0.086761970427896
"ds566","KC","denominator_WE_Rect-NL","0.488914064856212","-0.0739758692290212",-0.0813779323572689
"ds566","KC","dragPiece_Circle","1.84194826930117","-0.0739744807257354",0.451148160164713
"ds566","KC","dragPiece_Rectangle","2.26253653754412","-0.073980227460741",0.581089493798388
"ds566","KC","makeFract_Circle","-0.988978510372364","-0.0739750667898211",-0.111515542048208
"ds566","KC","makeFract_NL","0.0884219986690526","-0.0739752494808457",-0.269038046496342
"ds566","KC","makeFract_Rectangle","-1.70084076413971","-0.0739749627952944",-0.0763524273263376
"ds566","KC","makeFract_WE_Circle-NL","0.577667895509056","-0.0739748400714998",-0.231572150756172
"ds566","KC","makeFract_WE_Rect-NL","0.405843346803607","-0.0739752177920355",-0.138246494489973
"ds566","KC","multiply_NL","0.373469353339276","-0.0739903816675015",-0.171531713151179
"ds566","KC","multiply_Rectangle","-0.155966455850754","-0.0739644718260852",-0.150531555884479
"ds566","KC","multiply_WE_Circle-NL","0.880779925630327","-0.0739773412281489",0.0700025787734518
"ds566","KC","multiply_WE_Rect-NL","0.485731561298327","-0.0739724517819642",0.0989466250789234
"ds566","KC","numerator_Circle","0.40868953522479","-0.0739751253709648",-0.10233995901889
"ds566","KC","numerator_NL","-0.527426389660465","-0.0739759575493559",-0.0670232448386588
"ds566","KC","numerator_Rectangle","0.657459888722832","-0.0739752856894478",-0.106258725781192
"ds566","KC","numerator_WE_Circle-NL","0.108425977606647","-0.0739758498752086",-0.0758987882757486
"ds566","KC","numerator_WE_Rect-NL","0.452285879785117","-0.0739758426204419",-0.0841504174675811
"ds566","KC","SE_addition_Circle","1.63398415283965","-0.302064558663991",0.201166185673918
"ds566","KC","SE_addition_NL","1.20275204438893","-0.0739739959802577",0.271393502457885
"ds566","KC","SE_addition_Rectangle","1.06298971079621","-0.0550889490756737",0.256065856609383
"ds566","KC","SE_addition_WE_Circle-NL","0.740641159716011","-0.0739633778122455",0.201509580665873
"ds566","KC","SE_addition_WE_Rect-NL","1.05765237760664","-0.0739777850525625",0.216427528508505
"ds566","KC","SE_comparison_Circle","-0.294677287462396","-0.0739744344528755",-0.100855503119536
"ds566","KC","SE_comparison_NL","-0.257910884692783","-0.0739753172500195",-0.0449940597287148
"ds566","KC","SE_comparison_Rectangle","0.177565310500413","-0.0739756126736141",-0.108991469918601
"ds566","KC","SE_comparison_WE_Circle-NL","-0.13830740884043","-0.0739772851177108",0.14275394999542
"ds566","KC","SE_comparison_WE_Rect-NL","-0.220052392086413","-0.0739795111922716",-0.105807611927154
"ds566","KC","SE_denominator_Circle","0.248487634305998","-0.0739764154380919",-0.0198800263033402
"ds566","KC","SE_denominator_NL","-0.327776355976395","-0.0739810314857353",2.11636330696604e-05
"ds566","KC","SE_denominator_Rectangle","0.261782803876805","-0.0739748635702998",0.0772368433136233
"ds566","KC","SE_equivalence_Circle","-0.315953702315795","-0.0739766728423891",-0.0644065969992425
"ds566","KC","SE_equivalence_NL","-0.0346508215907661","-0.0739739732453301",-0.0455813757052482
"ds566","KC","SE_equivalence_Rectangle","-0.27029926571434","-0.0739752404298938",-0.0574201312056846
"ds566","KC","SE_equivalence_WE_Circle-NL","0.668175066094821","-0.0739661863138423",0.143677944713856
"ds566","KC","SE_equivalence_WE_Rect-NL","0.555609996557717","-0.0739781139117218",0.055451268871146
"ds566","KC","SE_findUnit_Circle","0.580004860886925","-0.0744574424195344",0.12762433456959
"ds566","KC","SE_findUnit_NL","-0.167323121424005","-0.0739734236921156",0.107087908832642
"ds566","KC","SE_findUnit_Rectangle","0.489774633862404","-0.0738882197932877",0.0670664796297916
"ds566","KC","SE_numerator_Circle","0.723243484453588","-0.073979158913026",0.230337291913303
"ds566","KC","SE_numerator_NL","0.767716811149024","-0.0739776965414999",0.234352834365313
"ds566","KC","SE_numerator_Rectangle","1.20775944848034","-0.0739782317267995",0.252013930508853
"ds566","KC","SE_relation_WE_Circle-NL","0.27414500518324","-0.0739750704953235",-0.0833958614764103
"ds566","KC","SE_relation_WE_Rect-NL","0.567524242105831","-0.0739749435397649",-0.0933004274593129
"ds566","KC","unit_Circle","-0.164188693342046","-0.0739750179762239",0.101548034470713
"ds566","KC","unit_NL","-0.00471136865736998","-0.0739766152703319",0.0633306783499257
"ds566","KC","unit_Rectangle","0.0329419714884179","-0.0739765020041974",0.0884171219275284
"ds566","KC","unit_WE_Circle-NL","-0.269189700019257","-0.0739745453312239",0.161029410410852
"ds566","KC","unit_WE_Rect-NL","0.248131106382271","-0.073974718146922",0.038289467421653
"ds566","KC","wholeNumber_Circle","-0.772282298056434","-0.0739759159667869",0.123278320728206
"ds566","KC","wholeNumber_NL","-0.0799329449090487","-0.0739771321839222",0.0965418789279859
"ds566","KC","wholeNumber_Rectangle","-0.227693237785775","-0.0739743906552057",-0.072747401648822
"ds115","KC","response_above","0.906378078034638","-0.00797912926079724",0.00233581928135708
"ds115","KC","response_abroad","1.15128912862421","0.000162964100041614",-0.16852927444239
"ds115","KC","response_address","0.0298365929838444","-0.00580046306913535",0.128819100354422
"ds115","KC","response_again","0.421550532491289","-0.00220600957907451",-0.0310385121187218
"ds115","KC","response_ai4","-0.275968909218547","0.00299910219262446",-0.00536110568945006
"ds115","KC","response_airport","1.36853272269622","-0.00613568652103311",-0.101554442873927
"ds115","KC","response_all","0.482618229251651","0.00473715656852717",-0.171100547950246
"ds115","KC","response_ba4ba","1.67760168831494","-0.00369611621357407",-0.190361027507006
"ds115","KC","response_bai3","0.428014970091009","0.00364973091255443",-0.136655341594106
"ds115","KC","response_ban4","0.0255152595708841","0.00100576909368282",-0.014773106134678
"ds115","KC","response_bang4","-0.264809663097032","0.000747338519813002",0.0294183433799514
"ds115","KC","response_basketball","1.75015445242747","-0.0105403820258106",-0.0773549796622311
"ds115","KC","response_beautiful","2.27032890217996","-0.00256755884376884",-0.331292579422885
"ds115","KC","response_before","0.540100261297188","-0.00309433141770759",-0.0631203000424734
"ds115","KC","response_bei1","-0.645242864770632","0.00541453341803628",0.00734945662410036
"ds115","KC","response_bi3jiao4","-3.7255353426549","0.00662742773505816",0.454187725869754
"ds115","KC","response_bi4ye4","-1.54775408255575","0.00683212039130811",0.112909913727502
"ds115","KC","response_big","1.39573583715198","0.00186374025625233",-0.257017129632477
"ds115","KC","response_birthday","0.654607569461288","-0.00029517218103753",-0.0764098758844504
"ds115","KC","response_book","1.22842844373323","-0.00270101231396546",-0.115296666405331
"ds115","KC","response_boss","1.77458042702794","-0.000844965737067874",-0.278899694153368
"ds115","KC","response_bottle","0.557777934655136","0.00221391963189624",-0.125276228900693
"ds115","KC","response_busy","1.42853135752985","-0.00331225140921127",-0.161534767609959
"ds115","KC","response_cai4","-0.851503512139612","0.00162906134999894",0.109962535409829
"ds115","KC","response_cake","1.25935782226626","-0.00760632707003066",-0.085067433043898
"ds115","KC","response_car","2.22799502134515","-0.00282988360705774",-0.290455639261884
"ds115","KC","response_chang2","-0.480517304925862","-0.0021766106766858",0.109586635791283
"ds115","KC","response_che1","0.424605575484447","-0.00127011916969217",-0.0422614677266447
"ds115","KC","response_chen4shan1","-2.66127681879182","0.00573353332529472",0.307596571633881
"ds115","KC","response_cheng2shi4","-3.43867849135343","0.00549763546727223",0.428213282076043
"ds115","KC","response_chi1","-0.715694842213834","6.8535063795442e-05",0.10797828366863
"ds115","KC","response_chu2fang2","-1.53681510752167","0.000331474299791288",0.233781736510678
"ds115","KC","response_city","1.22647518665322","-0.00847731704425991",-0.0571592443412549
"ds115","KC","response_coach","0.841000740420697","-0.00340248053893414",-0.0524604587233334
"ds115","KC","response_cola","1.83937107322245","-0.00414008899686666",-0.20532009072499
"ds115","KC","response_cold","1.21296147107974","0.00428447396364586",-0.283900537053273
"ds115","KC","response_college","1.46975261389998","-0.00696597580380308",-0.109148587739175
"ds115","KC","response_comfortable","0.695428616788994","-0.00150086150803516",-0.0958659442205758
"ds115","KC","response_company","1.10075842506362","-0.00113438959917714",-0.164456980466226
"ds115","KC","response_computer","1.29573894845861","-0.00034048977183164",-0.184574757466916
"ds115","KC","response_correct","0.222183947433199","-0.00907339630755812",0.145208704393312
"ds115","KC","response_country","1.15817953047837","-0.00746321192329371",-0.050102915761444
"ds115","KC","response_cup","1.18044116806596","-0.000899779565989215",-0.130930486335176
"ds115","KC","response_da4","0.456522394011473","0.00264862372959591",-0.113447979989245
"ds115","KC","response_da4xue2","-2.52917723052359","0.00692536517773571",0.261247462845671
"ds115","KC","response_dan4gao1","-1.50255723332654","0.000528608626414893",0.222962945118912
"ds115","KC","response_day","0.872468441002059","-0.00145084910962596",-0.115219324149568
"ds115","KC","response_di4tu2","-2.39840777882526","0.00839955832353187",0.217072869708362
"ds115","KC","response_di4zhi3","-3.87196677473306","0.00624214146186381",0.484128334290038
"ds115","KC","response_dian4hua4","-2.6347368354486","0.00685433989150407",0.280115217009827
"ds115","KC","response_dian4nao3","-2.44805300484091","0.00587462172026082",0.268490655955998
"ds115","KC","response_dian4ying3","-3.22346191929481","0.0057308277012604",0.397276961844938
"ds115","KC","response_dian4yuan2","-3.06145651843461","0.00772400291187485",0.329307920275496
"ds115","KC","response_difficult","1.76449436828451","-0.00345331490544428",-0.219087501651523
"ds115","KC","response_dish","0.409210022899739","-0.00190616095312782",-0.0470135489948418
"ds115","KC","response_doctor","2.14778760294234","-0.0026467754289914",-0.283657379750003
"ds115","KC","response_dog","3.28844102503016","-0.0055701605080294",-0.400137715381396
"ds115","KC","response_dou1","-1.47602885103343","0.00527797716963947",0.130361453418402
"ds115","KC","response_dui4","-2.19240114905916","0.00544749485903624",0.238580798653305
"ds115","KC","response_e4","0.232376209996979","-0.00156148306764969",-0.0047806739791362
"ds115","KC","response_engineering","1.55039100060818","-0.00365681264594963",-0.166172468239323
"ds115","KC","response_fang2jian1","-2.74659973639314","0.0092588718913147",0.257830835339881
"ds115","KC","response_fang2zu1","-2.65178199014011","0.00513520534780277",0.316976896329308
"ds115","KC","response_fast","0.879135294416919","-0.000829452517976841",-0.114046927364726
"ds115","KC","response_father","4.4698022649395","-0.0083426307210463",-0.532796137852955
"ds115","KC","response_few","0.687792282184823","-0.00623904229587569",0.0192190179033792
"ds115","KC","response_four","1.69538256388297","-0.00511173582492168",-0.14117446726602
"ds115","KC","response_friend","1.6510192374465","-0.00697103026766852",-0.125741128167361
"ds115","KC","response_gong1cheng2","-2.12655684978048","0.00282390668577925",0.279557325046858
"ds115","KC","response_gong1ke4","-2.93069131317081","0.00794403887075433",0.306086734158412
"ds115","KC","response_gong1si1","-1.87377598362651","0.00486616449842189",0.200287603315544
"ds115","KC","response_gong1yuan2","-3.09563753227189","0.00631497808776814",0.365026880874898
"ds115","KC","response_gong1zuo4","-2.74379997947097","0.00675033054384511",0.302934080613848
"ds115","KC","response_good","0.701485298124493","-0.00278271710554847",-0.0400128303809946
"ds115","KC","response_gou3","-0.533776299525877","-0.00128993990738656",0.107437860411477
"ds115","KC","response_guo2","0.0590520489477437","0.000643835654966514",-0.00689169785970573
"ds115","KC","response_guo2wai4","-1.91955748965375","0.00826974123803005",0.1421667946201
"ds115","KC","response_hai3bian1","-2.30277561123979","0.0059242368322161",0.242469259917859
"ds115","KC","response_half","0.721225568337361","-0.00678070621563986",-0.00198993167257634
"ds115","KC","response_hao3","-0.374728101945787","0.0040278087434784",-0.0152136935230993
"ds115","KC","response_happy","0.909185183968017","-0.00546619171270836",-0.0211616234197544
"ds115","KC","response_hen3","-0.675297674461689","-0.00209502830178895",0.145299975990192
"ds115","KC","response_homework","1.5100840697102","-0.00534599591387834",-0.119713723820981
"ds115","KC","response_hong2","-0.197057928745086","0.00237614646987348",-0.0130970421874136
"ds115","KC","response_hui2","-1.18032786988903","0.000365729522688858",0.180281538680495
"ds115","KC","response_hundred","0.822141333148164","0.00195964926670075",-0.157520435683412
"ds115","KC","response_hungry","0.886146777900762","-0.00121730176826892",-0.10448488953068
"ds115","KC","response_huo3che1","-3.4112706220205","0.00864980703052417",0.370608965076065
"ds115","KC","response_inside","0.484653627822992","-0.00335058548404924",-0.0133641660551071
"ds115","KC","response_ji1chang3","-3.94352627688257","0.00637189158059885",0.493138586109361
"ds115","KC","response_ji1hui4","-3.41188470753571","0.00769535910490771",0.385407334129027
"ds115","KC","response_jian4","-1.0191184116662","0.00459302380051472",0.0790414227526837
"ds115","KC","response_jiao4","-1.13097514875529","0.00412354897608907",0.101881501581569
"ds115","KC","response_jiao4lian4","-2.20602742349563","0.00132901564476146",0.319040869414047
"ds115","KC","response_jie4shao4","-3.59262456435696","0.00821448378714804",0.403422176514162
"ds115","KC","response_jin1tian1","-2.10237388622915","0.00481576170307801",0.241824790467018
"ds115","KC","response_jing3se4","-3.25887305639333","0.00564532867813367",0.397029878339943
"ds115","KC","response_job","0.579343102011811","-0.0043347296832388",-0.00167276854932465
"ds115","KC","response_ke2sou4","-2.8604525351125","0.00608150415181832",0.335575751557068
"ds115","KC","response_ke3le4","-1.54788741490993","0.0052897088836928",0.139438727925868
"ds115","KC","response_kitchen","1.9513134652942","-0.00430762344489377",-0.20749451989158
"ds115","KC","response_kuai4","-2.41710085292102","0.0104661632508739",0.177294034476967
"ds115","KC","response_lan2qiu2","-3.42579543727938","0.00681856449653282",0.403930387140425
"ds115","KC","response_lao3ban3","-2.66524581698604","0.00791282201738817",0.264074047561585
"ds115","KC","response_lao3shi1","-2.49235236758716","0.00776924162094397",0.246517878455659
"ds115","KC","response_leng3","-0.516058025907691","0.00302099198429408",0.0294749621123132
"ds115","KC","response_letter","0.0830831845701766","0.00229976754029918",-0.0422412831752689
"ds115","KC","response_li3bian1","-3.53392247446038","0.00732388910438067",0.404790975989986
"ds115","KC","response_lian4xi2","-2.98620264288228","0.00572917803759704",0.35579074649995
"ds115","KC","response_liang3","-0.611187427936706","0.00216140480115341",0.062675517070416
"ds115","KC","response_life","0.369785248079889","-0.00638632746047551",0.0921675230192583
"ds115","KC","response_lou2shang4","-2.6357051793834","0.0072510942971857",0.278182547718035
"ds115","KC","response_mai3","-0.433347015696687","-0.000143057797894135",0.0712565290104552
"ds115","KC","response_man4","0.030942348528621","-0.000262016974945629",0.00618791091924863
"ds115","KC","response_mang2","-0.760810657439227","-0.00191510640297096",0.154452589352083
"ds115","KC","response_map","0.788931071987318","-0.00535260956804377",-0.0109234915857061
"ds115","KC","response_mei3li4","-2.17034376270099","0.00574512301932994",0.233150305884259
"ds115","KC","response_middle","0.955181350834062","-0.00252497865612177",-0.111101409890277
"ds115","KC","response_ming2tian1","-2.81919866388483","0.00718838468076164",0.30505636954491
"ds115","KC","response_ming2zi","-1.99116998273058","0.0116209742861655",0.0929269311452093
"ds115","KC","response_mister","1.10973803647095","-0.00896380659253935",-0.0114515918001266
"ds115","KC","response_money","1.58545876494332","-0.00298309902881119",-0.185341695435945
"ds115","KC","response_movie","1.10079217618281","-0.00485288717090718",-0.0865609019367448
"ds115","KC","response_na3","-0.557662490192728","0.00129130076885426",0.0691754927921975
"ds115","KC","response_name","0.632882726720288","0.00373757413886078",-0.185250472483635
"ds115","KC","response_nan2","-0.258106894706624","0.00470554873558397",-0.0427052555405736
"ds115","KC","response_nar3","0.263978415287315","0.00262370468279251",-0.0872048135856941
"ds115","KC","response_new","0.683909234580053","0.00239383590787661",-0.121619656608135
"ds115","KC","response_ni3","0.106544907915672","0.0012131537868733",-0.0390137077407486
"ds115","KC","response_nian2","-2.16632834646615","0.00808838846964755",0.193744425896875
"ds115","KC","response_night","0.13867708090522","-1.93195636419047e-05",-0.0107491512241376
"ds115","KC","response_now","-0.607857399908029","-0.00404742632484847",0.174346131563634
"ds115","KC","response_nuan3huo","-3.21139119792488","0.00612879797525559",0.387911665649858
"ds115","KC","response_often","0.120303411722584","-0.00277662256303038",0.0378787832230304
"ds115","KC","response_one","2.11033759176124","-0.00210161749204983",-0.275628196440689
"ds115","KC","response_only","-0.230427374248889","-0.00306872654434439",0.0902753668330111
"ds115","KC","response_opportunity","0.507987912875378","-0.00463797647057975",-0.0422371767985394
"ds115","KC","response_park","0.684416477357134","0.00099649003451125",-0.128728210619694
"ds115","KC","response_peng2you","-0.426920393289684","0.00425065000557153",-0.0132565699060662
"ds115","KC","response_person","2.04592834537586","-0.000660312868377052",-0.290183796059365
"ds115","KC","response_phone","0.118119003540314","-0.00182035163503692",0.00579524181642018
"ds115","KC","response_piao4","-0.206421124190642","0.00295182215601888",-0.0186202819500822
"ds115","KC","response_ping2","-0.741879221924167","-0.00124649746568177",0.135304711001436
"ds115","KC","response_problem","0.372694952228926","-0.00644047091896838",0.0408124578988544
"ds115","KC","response_qian2","-1.99279870318043","0.00386199980447217",0.237310113142235
"ds115","KC","response_red","1.29909912255983","-0.00952499952669849",-0.0197493569007345
"ds115","KC","response_relatively","0.503454874377046","0.0024182995609526",-0.11427372528796
"ds115","KC","response_ren2","0.270184241556195","-0.00088153002406292",-0.0247778564780725
"ds115","KC","response_rent","0.25811587102683","-0.0111408378474643",0.163168087676838
"ds115","KC","response_ri4","-0.284816921186958","0.000291645594772454",0.0494985974236632
"ds115","KC","response_room","0.745686773353761","0.00314442861506381",-0.166676320253247
"ds115","KC","response_salesman","1.71103816771686","0.00206875083920586",-0.30668657254909
"ds115","KC","response_seaside","1.02529656243753","-0.00844068723976184",-0.0110208198923464
"ds115","KC","response_shang4bian1","-2.45468920871747","0.00680906061614393",0.250127556756994
"ds115","KC","response_shao3","-0.365444217820672","0.000708951440246709",0.0439755537416316
"ds115","KC","response_shen2me","-1.86696290351781","0.00572856979311502",0.189636011259097
"ds115","KC","response_sheng1huo2","-3.20614207105947","0.00765790843397745",0.355954466118077
"ds115","KC","response_sheng1ri4","-2.88279779387384","0.00555067402935825",0.344204293295016
"ds115","KC","response_shi2jian1","-4.1526989658629","0.00727265426653253",0.504859672283459
"ds115","KC","response_shirt","0.999047179774981","-0.00473508731487523",-0.0843832166675365
"ds115","KC","response_shu1","-0.923934701332587","0.00343237305980157",0.0747033711740408
"ds115","KC","response_shu1fu","-1.37130453334443","0.00361190056527217",0.150866181989198
"ds115","KC","response_shuo1","-1.12278669296312","0.00437259149360695",0.0953083337124412
"ds115","KC","response_si4","0.322012952691448","-0.00306891804940205",0.00537001356091695
"ds115","KC","response_slow","1.44658261694642","0.000671648679671289",-0.218628132782984
"ds115","KC","response_small","1.29217972098727","-0.0087321331029828",-0.0586605024666396
"ds115","KC","response_soup","1.86481066698162","0.00518216671132847",-0.366446115232538
"ds115","KC","response_student","1.03111160450276","-0.00532086593365256",-0.0661069021755378
"ds115","KC","response_sui4","-1.3726089422895","0.0020585369099871",0.175703078473776
"ds115","KC","response_summer","0.885342409322115","-0.00107565141190857",-0.10661923089615
"ds115","KC","response_table","0.589811456152899","-0.00240601179718216",-0.0501099817487485
"ds115","KC","response_tang1","0.12508275527636","-0.000176682730654253",-0.0107445615496078
"ds115","KC","response_teacher","1.39557675925169","-0.00252232850319153",-0.174088656746534
"ds115","KC","response_this","0.0668715912172279","-0.00305038757704553",0.0580681296321921
"ds115","KC","response_ticket","0.755836635922829","-0.00113877168897144",-0.0831053612218529
"ds115","KC","response_time","0.0753331888296968","-0.00493856524944469",0.0510865877298451
"ds115","KC","response_to+ask","0.914599081905286","-0.00709461615449208",0.0137537176414516
"ds115","KC","response_to+buy","0.569955246233057","0.0056043258308843",-0.161456946525732
"ds115","KC","response_to+call","-0.076193606814452","-0.00358280340518144",0.0810873363774015
"ds115","KC","response_to+cook","1.1817264440201","-0.000178053547928342",-0.189658751829751
"ds115","KC","response_to+cough","-0.0307281621564338","-0.00839164173547941",0.161501395122544
"ds115","KC","response_today","1.06746019623784","-0.0112085402377988",0.0191520420226968
"ds115","KC","response_to+do","0.351389553411225","-0.00270480339481574",0.0157492245470933
"ds115","KC","response_to+eat","0.977078238666674","0.00181050771627067",-0.192843096009343
"ds115","KC","response_to+graduate","0.638813896361327","-0.00219068648941954",-0.0472043199507428
"ds115","KC","response_to+have","0.473615527015602","-0.00305937421060065",-0.0367957373591924
"ds115","KC","response_to+introduce","0.482383563614989","0.00244459912631458",-0.106421760952775
"ds115","KC","response_to+live","0.393194147530131","0.00426550109471747",-0.14419750632933
"ds115","KC","response_to+love","1.068911052692","0.00104842039054026",-0.175011771729754
"ds115","KC","response_tomorrow","0.898095761581346","-0.00126099424743036",-0.129514370999368
"ds115","KC","response_to+practice","-0.211878654216134","-0.00182167259717295",0.0882221721487367
"ds115","KC","response_to+rain","0.108369553655996","0.00476411674251626",-0.116055590947826
"ds115","KC","response_to+rest","0.0736086099491091","0.00384064178571058",-0.0804929808444734
"ds115","KC","response_to+return","0.0908932508608096","0.00312060739118659",-0.103529462873236
"ds115","KC","response_to+see","0.336742984700464","-0.00254962813035309",-0.0208173646051506
"ds115","KC","response_to+smoke","0.471843852476858","-0.00315112073389684",-0.000356369408658694
"ds115","KC","response_to+speak","-0.256476832029294","0.00138270840998443",0.00708556003653918
"ds115","KC","response_to+swim","0.749020922813966","0.00774597589431378",-0.245219414736904
"ds115","KC","response_to+walk","0.262282035830365","-0.00430827751857413",0.0670399496025866
"ds115","KC","response_to+walk+2","0.463925933394711","-0.00354064873141489",-0.0314231719795234
"ds115","KC","response_to+want","0.164736335329356","-0.00397951683747813",0.0273273521879956
"ds115","KC","response_train","0.634238347012056","-0.0107413226009095",0.0971155939836405
"ds115","KC","response_two","1.46247008082305","-0.00113107800749019",-0.198929052685648
"ds115","KC","response_upstairs","0.799152134281337","0.000633490901632202",-0.143986925327464
"ds115","KC","response_very","0.281201338270962","-0.000195964187283206",-0.0522881841778735
"ds115","KC","response_view","-0.616083394120049","-0.00121917660983045",0.104884554684471
"ds115","KC","response_wan3shang4","-2.701541276471","0.00514390940008097",0.319990324303828
"ds115","KC","response_warm","0.660013675189857","-0.010116874564224",0.10760507551483
"ds115","KC","response_weekdays","-0.679118368834536","-0.00315485074548556",0.137110932317131
"ds115","KC","response_wen4","0.411872924758088","-0.00152647331953439",-0.0323897548023672
"ds115","KC","response_wen4ti2","-2.22643735378274","0.00490262843934553",0.255249014241677
"ds115","KC","response_west","0.314578518993533","-0.00314625053099984",0.00778628272997449
"ds115","KC","response_what","0.0641373912599957","-0.00609172660414363",0.0944738982559923
"ds115","KC","response_where","0.893718077528989","3.45319858591566e-05",-0.129489465271759
"ds115","KC","response_which","0.864722097090913","0.00136181737631792",-0.156621461463776
"ds115","KC","response_wonderful","1.60710121425192","-0.000196070607583713",-0.236417317663464
"ds115","KC","response_xi1bu4","-1.82545720556746","0.00464056710007104",0.199584636224764
"ds115","KC","response_xi1yan1","-2.48840909190717","0.00457931328501813",0.298975601558852
"ds115","KC","response_xia4","-1.42859523611418","0.00301153212406284",0.166781426369368
"ds115","KC","response_xia4yu3","-2.47915864747542","0.00936301892843246",0.207325709180529
"ds115","KC","response_xian1sheng","-2.79649653734176","0.00967496422809908",0.251364434034791
"ds115","KC","response_xian4zai4","-2.90234342299452","0.00338529700452565",0.382775032520949
"ds115","KC","response_xiao3","-1.71907751597696","0.00704236042540566",0.135973307768892
"ds115","KC","response_xin1","-0.833804300260977","0.00486414504164185",0.0343590758663235
"ds115","KC","response_xin4","-0.634069256800178","0.00538998561292212",0.0068858634110447
"ds115","KC","response_xing1qi1","-2.97268789683048","0.00863830157815198",0.2999450659726
"ds115","KC","response_xiu1xi","-1.8460028775655","0.00444406668135951",0.208179050893829
"ds115","KC","response_xue2sheng","-3.15422162256751","0.00436034088367813",0.406098865902038
"ds115","KC","response_yao4","-1.27082532693574","0.00571498336309851",0.0936527506006511
"ds115","KC","response_year","0.337173592354292","0.000414999664450312",-0.0519608424903484
"ds115","KC","response_years","0.282649229268311","-0.0016461425243735",-0.0186221783779405
"ds115","KC","response_yi1","0.0989444988992732","0.00440428709138555",-0.0922395861402761
"ds115","KC","response_yi1sheng1","-1.8732906102433","0.00415661481733513",0.211356616411982
"ds115","KC","response_yi3qian2","-3.12662814954507","0.0060843703025866",0.369115698188525
"ds115","KC","response_you","2.37112211266622","-0.00283777100941369",-0.294237049593119
"ds115","KC","response_you2yong3","-2.40708635697018","0.00485616737134261",0.287233911499086
"ds115","KC","response_you3","0.311485216168542","-0.00367538037835533",0.0243371980157707
"ds115","KC","response_yu2kuai4","-2.51880924111016","0.00410291870054878",0.312262886155523
"ds115","KC","response_zai4","-2.4955163704766","0.00633297150830728",0.271683056757493
"ds115","KC","response_zhe4","-1.32036052112957","0.00727005282613398",0.0712569156521927
"ds115","KC","response_zhi3yao4","-2.73345230593629","0.00620036766380646",0.312899102091608
"ds115","KC","response_zhong1jian1","-2.83278010649289","0.00542961072833905",0.334091378915065
"ds115","KC","response_zhu4","-1.24281838937873","0.00154642363610303",0.167272445882352
"ds115","KC","response_zhuo1zi","-3.06195929504869","0.00733673726396434",0.339000085671487
"ds115","KC","response_zou3","-0.629418452250719","-0.000721841741828795",0.106819040936061
"ds115","KC","response_zou3lu4","-2.20335721292599","0.00397653528503541",0.263952296175481
"ds115","KC","response_zuo4","-1.81486179951619","0.001739265286776",0.246593981898531
"ds115","KC","response_zuo4fan4","-2.10348174484026","0.00335117351759016",0.26722867770618
"ds372","KC","already-mentioned","1.67303382838418","0.000111380256780989",-0.161556017487768
"ds372","KC","done","4.09399002652134","0.00145315386041549",-0.248881511106648
"ds372","KC","example_already-mentioned","0.523875096732202","-0.000142747113005414",0.0101748102089345
"ds372","KC","example_generic-noncount","-0.645695836659606","0.000125339605433177",0.0412266332101139
"ds372","KC","example_generic-plural","-0.0730530483340784","-0.000102414874657687",-0.151270011655141
"ds372","KC","example_generic-singular","-0.738790796505594","-0.000346011915779868",0.237474238765215
"ds372","KC","example_number-letter","0.330795146967077","-0.000309422004799455",0.0946392722487419
"ds372","KC","example_same","0.811102500367903","-0.000192405671140258",-0.0242954248345814
"ds372","KC","generic-noncount","-0.690442367911936","0.000576670312710064",-0.0556253251733113
"ds372","KC","generic-plural","0.759155691373612","0.000674259350033545",-0.230132631379466
"ds372","KC","generic-singular","-0.193925704778094","0.000489172034833162",-0.13444534922292
"ds372","KC","number-letter","0.985574822470465","0.000572828854510274",-0.294378215651427
"ds372","KC","rule_already-mentioned","1.12088960663655","0.000284695781123768",-0.102490712290438
"ds372","KC","rule_generic-noncount","-0.312401861926884","-0.000191601744689739",0.185469471541844
"ds372","KC","rule_generic-plural","0.313076740352577","-0.000268545593206736",-0.104533225128106
"ds372","KC","rule_generic-singular","-0.129448410818222","-0.000683851773896025",0.0756674147128532
"ds372","KC","rule_number-letter","1.40944252896078","0.000492464971096954",-0.017975303188983
"ds372","KC","rule_same","1.04456888844578","0.000411894080836105",-0.0211026575271902
"ds372","KC","same","2.21680794797172","0.000740363188501838",-0.241786039124806
"ds104","KC","ACCEL-AT-REST","-0.552314692118451","0.0294141586596076",-1.16157556100331
"ds104","KC","COMPO-GENERAL-CASE","0.342576485391289","-0.00575933691008607",0.607738403629268
"ds104","KC","COMPO-PARALLEL-AXIS","0.897784914844831","0.000179054257286492",-0.166065275814958
"ds104","KC","COMPO-ZERO-VECTOR","0.0827061302965326","0.000632628042143098",0.264603496164758
"ds104","KC","DEFINE-CONSTANT-CHARGE-ON-OBJ-VAR","0.587217634072192","-0.000248812208448312",0.41289069689877
"ds104","KC","DEFINE-CONSTANT-MASS","0.754759787100398","0.000222200593262149",0.227884063189871
"ds104","KC","DEFINE-DURATION","0.021712496722266","0.000257110643138642",-0.416448293760144
"ds104","KC","DRAW-ACCELERATING","-0.00772482499782593","0.000411394480921687",-0.0162461148648634
"ds104","KC","DRAW-BODY","1.44952240232206","-0.00107696389413457",1.38988529179336
"ds104","KC","DRAW-DECELERATING","-0.197672836739533","0.0105272953219843",-0.41572664911272
"ds104","KC","DRAW-DISPLACEMENT-STRAIGHT","-1.44027821664076","-0.000113725061174463",0.462612159924526
"ds104","KC","DRAW-EFIELD-VECTOR","0.172096169290799","5.22388510799963e-05",-0.210356326388994
"ds104","KC","DRAW-ELECTRIC-FORCE-GIVEN-FIELD-DIR","0.0581667905957684","5.34692659110841e-05",-0.180811694013221
"ds104","KC","DRAW-NET-FORCE-FROM-ACCEL","0.16308095497922","-0.00868506468959033",0.342976304007587
"ds104","KC","DRAW-ROTATE-AXES","1.54735394019829","-0.000834673040942072",0.957368742187473
"ds104","KC","DRAW-UNROTATED-AXES","0.126532854765474","0.000823390364926267",1.00902357677352
"ds104","KC","DRAW-VELOCITY-AT-REST","-0.188864090652049","-0.000684522051091329",-0.110384638638841
"ds104","KC","DRAW-VELOCITY-MOMENTARILY-AT-REST","-0.0528456254319063","0.00281435484294558",-0.111139877099161
"ds104","KC","DRAW-VELOCITY-STRAIGHT","0.220011454730335","-0.0117169642342807",0.462707099013221
"ds104","KC","DRAW-WEIGHT","0.497350281234501","0.000230630540459583",-0.420535557800278
"ds104","KC","WRITE-CHARGE-FORCE-EFIELD-COMPO","-0.691007140453482","0.000171717651179952",0.0876642827379243
"ds104","KC","WRITE-CHARGE-FORCE-EFIELD-MAG","1.12293016042792","5.26936646993441e-07",-0.552050582358922
"ds104","KC","WRITE-G-ON-EARTH","-0.13137163456468","0.000318946253846056",0.155593312664932
"ds104","KC","WRITE-IMPLICIT-EQN","0.738118685979067","8.54408738377873e-05",0.876109738434383
"ds104","KC","WRITE-KNOWN-VALUE-EQN","1.00965467916966","0.000141419260011425",-0.123988017481355
"ds104","KC","WRITE-LK-NO-S-COMPO","0.158585432783229","-0.00195875111660636",-0.186254429533107
"ds104","KC","WRITE-LK-NO-T-COMPO","-0.48242698947076","0.000365505689190544",0.0981259995483735
"ds104","KC","WRITE-LK-NO-VF-COMPO","-0.148060220724905","0.000612364139924114",-0.638964391730719
"ds104","KC","WRITE-NET-FORCE-COMPO","-0.141003804965208","0.00750932055651275",-0.296545748607712
"ds104","KC","WRITE-NFL-COMPO","0.494820820691623","0.000753516225418828",-0.692607498032605
"ds104","KC","WRITE-NSL-COMPO","1.54791388778143","0.000552570401969401",-0.943827908448718
"ds104","KC","WRITE-NSL-NET-COMPO","-0.241673137116855","0.0128705821588029",-0.508263882541154
"ds104","KC","WT-LAW","-0.0223639680687082","0.00119101895998382",-0.0470337637655178
"ds392","KC","circle-area","-0.807714686398579","-0.00185370464827721",0.239895949621265
"ds392","KC","Enter given area","1.84338955420006","-0.00185211397653945",-0.21579329214562
"ds392","KC","Enter given circle diameter","1.81170325783416","-0.00185257644069119",0.348134902578146
"ds392","KC","Enter given circle radius","1.62280134591064","-0.00185402948729539",0.00353736028377012
"ds392","KC","Enter given measurement","2.04726326374033","-0.00185275984565697",-0.221679876565435
"ds392","KC","Enter given parallelogram base","2.83058425523666","-0.00185118345982971",-0.214936097604752
"ds392","KC","Enter given parallelogram height","1.8723327627913","-0.00185291798503791",-0.0132131424995031
"ds392","KC","Enter given parallelogram non-base side","0.569508206260023","-0.00185324712444487",0.0997135553176541
"ds392","KC","Enter given rectangle length","1.92320768479535","-0.00185199275503455",-0.0546806418879064
"ds392","KC","Enter given rectangle width","1.42961517916863","-0.00185405717046525",0.197342361486316
"ds392","KC","Enter given square side length","1.95515929761838","-0.00185277649830914",0.00325119825758712
"ds392","KC","Enter given trapezoid height","2.40439909846358","-0.00185245956924491",-0.0501722817061969
"ds392","KC","Enter given trapezoid longer base","2.61074299551963","-0.0018509958654313",-0.179519839467809
"ds392","KC","Enter given trapezoid non-base side","3.20741941204526","-0.00185406574527387",-0.173274732607449
"ds392","KC","Enter given trapezoid shorter base","3.09847936097516","-0.00185383762646474",-0.168267241373349
"ds392","KC","Enter given triangle base","2.62437922779599","-0.00185135569438252",-0.106205238492438
"ds392","KC","Enter given triangle height","3.0477381546359","-0.00185370176803121",-0.090420470579228
"ds392","KC","Enter given triangle non-base side","1.84536290876786","-0.00184884907253296",-0.149939865132243
"ds392","KC","Find added area","-0.44836709231061","-0.00185108237084941",-0.183252831394857
"ds392","KC","Find added area.Know to use component areas","-0.916817103983902","-0.00185139513901935",-0.119228030078043
"ds392","KC","Find circle area","0.250977456540882","-0.00185351324842118",-0.02473357647903
"ds392","KC","Find circle circumference","0.103297377624891","-0.00185297928013062",0.00904080795861122
"ds392","KC","Find individual area","0.350766078433435","-0.00185204225055279",-0.220869154904266
"ds392","KC","Find individual area.Find added area.Know to pose component areas.Know to use component areas.Successfully pose component areas","-1.91864747173239","-0.00185214762337155",0.228523573832396
"ds392","KC","Find individual area.Find added area.Successfully pose component areas","-2.24043332864491","-0.00185250447453691",0.185466999914298
"ds392","KC","Find individual area.Find subtracted area.Know to pose component areas.Know to use component areas.Successfully pose component areas","-1.86162887996132","-0.00185359480436344",0.184382953930671
"ds392","KC","Find individual area.Find subtracted area.Successfully pose component areas","-1.30926029240557","-0.00185259748261918",-0.0849042561944131
"ds392","KC","Find parallelogram area","1.16805082828272","-0.0018529404418827",-0.102964981646864
"ds392","KC","Find parallelogram perimeter","0.519649130608527","-0.00185258481539151",-0.10293418971715
"ds392","KC","Find rectangle area","0.377662533965497","-0.00185292747270941",0.0393705608920453
"ds392","KC","Find rectangle perimeter","-0.16499119776988","-0.00185315927725177",0.0458973784949803
"ds392","KC","Find square area","0.412031707644799","-0.00185249110229665",-0.0592602303569867
"ds392","KC","Find square perimeter","0.782810019831292","-0.00185233296207253",-0.0962554593024414
"ds392","KC","Find subtracted area","-0.198754538324793","-0.00185074978008686",-0.157445120548416
"ds392","KC","Find subtracted area.Know to use component areas","0.354076964896828","-0.00185180198915527",-0.191721727262591
"ds392","KC","Find trapezoid area","-0.801780296007583","-0.00185372372989187",0.106599838952247
"ds392","KC","Find trapezoid perimeter","1.25113756361128","-0.00185341003800483",-0.0643105623191691
"ds392","KC","Find triangle area","-0.158883074966469","-0.00185391882049351",0.0657032215849728
"ds392","KC","Find triangle perimeter","0.123264715094906","-0.00185313608687522",0.231209275974543
"ds392","KC","para-area","0.3944749471849","-0.00185256357226919",-0.143883085628229
"ds392","KC","trapezoid-area","-0.992906349962263","-0.00185426293857881",0.418588361523335
"ds392","KC","triangle-area","-0.912859198052604","-0.0018531561341908",0.438922875102214
"ds394","KC","allSkill","0.781539255061528","-0.000408510437134981",-0.199483908784387
"ds394","KC","allSkill*a","0.48770956410676","-0.000757943607008448",-0.140594615498439
"ds394","KC","allSkill*a*study3Spring2010Tutor_default_KC-generic-singular","-0.36996158596699","0.000710883178865428",-0.121415513408081
"ds394","KC","allSkill*number-letter","0.569206551150904","-4.29874664059642e-05",0.133107052458443
"ds394","KC","allSkill*number-letter*an","0.879116367131685","-0.000319842298626689",-0.0207048909715468
"ds394","KC","allSkill*number-letter*an*study3Spring2010Tutor_default_KC-number-letter","-0.334962159540674","0.000426980972935461",0.000999685025369245
"ds394","KC","allSkill*rule_generic-noncount","0.0184742102907269","2.13712324951613e-05",0.0973103015794404
"ds394","KC","allSkill*rule_generic-singular","-0.22398011292785","0.000211317180867641",0.0155172704626004
"ds394","KC","allSkill*study3Spring2010Tutor_default_KC-generic-noncount","-0.551271775367545","0.00015881043228209",-0.0077224049978903
"ds394","KC","allSkill*study_generic-noncount","0.201460984502323","-0.000589880464411274",-0.00664493557889725
"ds394","KC","allSkill*the","0.943232997456389","-0.000498117429060176",0.0786829552034805
"ds394","KC","allSkill*the*already-mentioned","1.11501401343316","-0.000619865970884153",0.0350923201410645
"ds394","KC","allSkill*the*study3Spring2010Tutor_default_KC-already-mentioned","2.48485762184928","-0.000554063296398673",-0.110751894092541
