"Dataset","Type","Student","Intercept","Slope"
"ds445","Student","Stu_00534e69904177f44e6e707bdd26d217","-0.432005616904178","-0.000460296476810146"
"ds445","Student","Stu_0086d5c38943e82080c043fd88c53b86","0.354369369094547","0.000568818695433521"
"ds445","Student","Stu_05f31b545d425701fb3908cb3ca1d86c","0.0209600975560195","5.38899753487635e-05"
"ds445","Student","Stu_05f4b7f06c6ac832627c477fcc4253ab","0.228925629526781","-0.000157099174934853"
"ds445","Student","Stu_106405e1f4d9003ae04d0ec5061fee1c","0.625741873608822","-8.36137949591345e-05"
"ds445","Student","Stu_125cd9d53269afde9eb4ca58e6cf319d","-0.577928523764109","-0.000365806862474554"
"ds445","Student","Stu_13c40c5dae8a3f2b2194f37067e9fed6","0.562034987873681","0.000229351573926657"
"ds445","Student","Stu_184ef48cf44753fd4c78b03d79a3ec4b","-0.60534494271475","-1.82706990526288e-05"
"ds445","Student","Stu_18fe882739786192a42b0524659764c2","0.299438850557014","-0.000408639392133421"
"ds445","Student","Stu_1b743d8b62727a340dce1270c57e6d26","0.394342697941517","-9.78243703032886e-05"
"ds445","Student","Stu_1c7f3789c0c6c0f2d1ddfb126524428d","0.272348582341833","-4.01409583328818e-05"
"ds445","Student","Stu_24c62ee8c2a286f7732eaa866adccd8a","-0.690795739497718","0.000407736428484723"
"ds445","Student","Stu_2802ccb85365fc667255ea160663ea8a","-0.276665920074038","0.000392843982963453"
"ds445","Student","Stu_2943e579bd637549ed29b023400fd5ad","0.643832338835589","0.000287130341022085"
"ds445","Student","Stu_3bff794f2939632d98c7921298fd7f26","0.478693292244507","0.000239010849631704"
"ds445","Student","Stu_57d623858f1aa17ee33b8928bb54a5c6","-0.22934319318941","0.000379655186688196"
"ds445","Student","Stu_5d034340653ebc454761d5a610461767","0.314514428168792","-0.000653067188349502"
"ds445","Student","Stu_5e5d027e19bd1284cb74bee955dc46d4","0.286322537729347","-0.000230249786608251"
"ds445","Student","Stu_68510492264f47d715ea700cf29e21d0","-0.669566143914247","-0.00051166110112098"
"ds445","Student","Stu_6f012bd88b0bce7f6d6d5367b03e7089","-0.675871866190509","-0.000788687411477607"
"ds445","Student","Stu_753d9feaea3ffaf36e32f0c2f74ca41b","-0.564541606367299","7.82782132478171e-05"
"ds445","Student","Stu_783998ff400622a27feba34616756b04","-0.316145909825293","0.000967261340822567"
"ds445","Student","Stu_78c92bb83c862bb8481e880386e79d61","0.534231401341479","0.000604552071814308"
"ds445","Student","Stu_7aeeea65c67d75ade3e8a91d571c2385","-0.457492833850563","-0.000841784717803295"
"ds445","Student","Stu_7b3e93242e4650597ea6ead66d47d4bf","-0.331158744361854","-0.000685056872749186"
"ds445","Student","Stu_7cbaaf367dc88964d049e0c29881d37e","-0.0341725347640852","0.000378222200877675"
"ds445","Student","Stu_7ec32a1be1ab2c230bee18ffe3707386","-0.864720702793759","-0.00036757358882991"
"ds445","Student","Stu_7f0dc8682019639042b62b4c9a255c7b","0.0903772031435415","0.000189042469401268"
"ds445","Student","Stu_821ac44a98e2e20a43c097bda7a2e90b","-0.809046850140042","8.70968383459113e-05"
"ds445","Student","Stu_899c4788673607270811b31f83a33d67","0.211710338169616","0.000153119258094413"
"ds445","Student","Stu_90223de95b8f65077f7bb9103d0048f5","-0.643096079512561","-0.000393239645396804"
"ds445","Student","Stu_90d11fafc3af587e73612a1604e0683c","-0.80230712778735","-0.000495016685557023"
"ds445","Student","Stu_9c8f954d884dcc7ec9a90715f0c08a3c","0.286279430607869","0.000188016510321945"
"ds445","Student","Stu_a069cddcde2c0ef7aa894f54f8d56dee","-0.085535465106738","0.000389957153344978"
"ds445","Student","Stu_afb19ffa488480a2818b851ab417f6e5","0.300080721718547","0.000598823287482406"
"ds445","Student","Stu_b1711db85b0ab6f312b326f1f3a26db3","-0.721267153622846","0.000424231325879523"
"ds445","Student","Stu_bb7813763310ba41038a6ccb573dccbf","-0.258444685379349","0.000208782525260696"
"ds445","Student","Stu_c928783d6daef0ca7c71d2040ce62a9b","0.20243047501761","0.000649358332540124"
"ds445","Student","Stu_cd65c159821c83c1383e38421161123c","0.750909192345342","1.83065361061568e-05"
"ds445","Student","Stu_ce8d95ab2a46787c5a3102531f4307b8","0.540232436162228","0.000291910334407557"
"ds445","Student","Stu_d33ba5425a1ebacbe6bfd5b0dbb07f7f","0.136521171240076","0.000147731092161479"
"ds445","Student","Stu_d3bd40ee29807ba69e0e750fccf49d55","-0.160736215538383","-0.00093216333133227"
"ds445","Student","Stu_e16b57a9818ff1d2aa890801225d6db9","-0.363083400029775","0.000249105732095868"
"ds445","Student","Stu_e45192d3140c37dba1b53af2211b5813","-0.224433006902565","0.000985666368021723"
"ds445","Student","Stu_e4c7ecdc2d6baaa236a2794fc5544b27","0.0607132853486803","-0.000180983793092639"
"ds445","Student","Stu_e92f06cd6f4ff0d5e13ddbd221543e69","0.456178240805737","-0.000366736502066821"
"ds445","Student","Stu_f19a79ec336e5aa301861c0c5800fe5c","0.596661532308549","-0.000140852561106142"
"ds445","Student","Stu_f99e579d3ea58a4a7cd389eec5b6a7f1","0.245566356724524","-0.000327045347145112"
"ds445","Student","Stu_fafd5c563612153b22013e350d6c6dab","-0.823091514185988","-0.000379866653088792"
"ds445","Student","Stu_fb7e6a49648bf27d424d6676e523fb64","-0.7986104893899","-0.000596066530824727"
"ds445","Student","Stu_feabb83606f65a52fb9d4e4296cdfe76","0.606338439755729","-0.000229894385847071"
"ds605","Student","Stu_00370c98955da329f252be47580a66e2","0.158776708785353","-4.81429911906807e-07"
"ds605","Student","Stu_01dcbf5e3dac0f5e364f2915866375eb","0.15868087012331","-4.81287464915419e-07"
"ds605","Student","Stu_02a1f79bd169c8455bb60702980bd05f","0.283372435719564","-8.20442050936733e-07"
"ds605","Student","Stu_0476cd4217fabde85c42b4e0e7b39811","0.216257498250242","-6.39422993973334e-07"
"ds605","Student","Stu_09ae6b3c18f44c0f43083f10bd80478e","-0.306458679921047","8.2786971502234e-07"
"ds605","Student","Stu_0a3ad3f1b2de5b999d0b6719341d663f","0.0889833659654436","-2.693837154165e-07"
"ds605","Student","Stu_0be57bebea82fd7d20f96f5ab84df34d","0.245034734645112","-7.44743959336685e-07"
"ds605","Student","Stu_0c29b8061820469aa6134f951ff8e47c","0.152809801233061","-4.73517338022335e-07"
"ds605","Student","Stu_0e3463e4367483c9b587ec9c3328e34e","0.245037636577647","-7.44754586508438e-07"
"ds605","Student","Stu_108cc2c42bc57c48bad59a1408d50744","0.0522276316473544","-8.07224060671605e-08"
"ds605","Student","Stu_11246d3f4f594a791b72674eeef9d7f8","-0.039051251817816","7.75538928239159e-08"
"ds605","Student","Stu_16bd11fa251e3a5acb77b6ec8f751ceb","0.265381448998125","-8.06094236072171e-07"
"ds605","Student","Stu_16e393d41d5be8f67edda4a79eaac44a","-0.233002674549823","7.08559695177518e-07"
"ds605","Student","Stu_18b6aa19459e53b179e55bd1642dffc8","-0.340468840174418","6.96141169038425e-07"
"ds605","Student","Stu_1b0ae3bda59dec3b4270e75302472471","0.117190761968073","-3.56325755574448e-07"
"ds605","Student","Stu_1b298c7fc8f1dc33332c6caf27d0922e","-0.0580894247566236","4.786111405676e-08"
"ds605","Student","Stu_1b7e8dadeab56a3498223e9c8e09e174","0.260409437323833","-6.58250122834118e-07"
"ds605","Student","Stu_1f6f8ef4542691ff124ffa2ce9258703","-0.424101096132864","9.78532153877411e-07"
"ds605","Student","Stu_21671bb186a5004315f76620a4061647","0.0991826032370535","-3.61366975681533e-07"
"ds605","Student","Stu_221c09d59b42af753ca32af4406ee0a5","0.191223691680098","-5.81100193642329e-07"
"ds605","Student","Stu_22334e7d7bd1c77bb5ebee7eb31f50bb","0.060736727302461","-1.0614220583164e-07"
"ds605","Student","Stu_24189f526266332e6fb6c44a2e223f67","-0.132740252347967","7.52827401214811e-07"
"ds605","Student","Stu_25c89ec93adcbd96afb11531a44d2fa5","0.160982915800471","-4.89111916701416e-07"
"ds605","Student","Stu_27c16b238b5b71d7a937255d3579a8c4","-0.470583480041492","1.37543066620151e-06"
"ds605","Student","Stu_28aa627b70b850c35f7ff98a70dca134","-0.0949942901889871","2.25086376488414e-07"
"ds605","Student","Stu_2a0e8c0f94edf79bbd189676593870ca","0.11190878639665","-2.64185123737569e-07"
"ds605","Student","Stu_2a7fe12d6a2b81e3ee2c8ba448fe2576","0.275567596057216","-8.66093483334279e-07"
"ds605","Student","Stu_2e1738f6ea8e06092267cc06153f290e","0.0306736757205988","-1.24575034196179e-07"
"ds605","Student","Stu_35e5b3ed0858e9e796735b0618c0c3cf","0.245029051015044","-7.44714082970433e-07"
"ds605","Student","Stu_3b07f0b85551ff684dbf4f6a5adaeada","-0.559753231436876","1.70111814878645e-06"
"ds605","Student","Stu_3be0ee163a923c1837c04185f6096898","0.245032310539107","-7.44729306852582e-07"
"ds605","Student","Stu_3da3e2cfa3e421402b3ac5c1a7a3bf9f","0.245036841680076","-7.44754963409796e-07"
"ds605","Student","Stu_3ef0ef49a5f9a0146de2cb0f3f0afe37","0.104102520386027","-3.1650778866765e-07"
"ds605","Student","Stu_4688fb9d575207f6e485ea10f85f186e","-0.0866440842211371","2.20869619631156e-07"
"ds605","Student","Stu_4711285dd46784c16840b61244a58868","0.117227466478777","-3.56353569086652e-07"
"ds605","Student","Stu_4ce6ec5c86bc7a7429d9d1c5eb1e8a31","0.0730558550549012","-2.53850670393747e-07"
"ds605","Student","Stu_4d2bfa6c47c0a6ff7c6eedc24b818438","0.112161027549976","-2.51392407679723e-07"
"ds605","Student","Stu_542f03e9dc139d5d35fe8967b1dc0aa7","0.0773151036272545","-2.35868552188052e-07"
"ds605","Student","Stu_546f9bf4d4a624ec219129206ce76bdc","0.337019112674173","-9.0456094208795e-07"
"ds605","Student","Stu_577971084cb234c13c8b0e3a75bed140","0.0218958525965547","9.54710578387123e-08"
"ds605","Student","Stu_5f38c7d698f9f1298627d7946dd59a95","0.381638523268571","-1.15943026712688e-06"
"ds605","Student","Stu_5fa6e2555099a536a2908b38b4cffc65","-0.0572551842027031","1.84133803002818e-07"
"ds605","Student","Stu_618eeb135d67b3b159975a60d766172e","-0.412397028287416","1.16498781753654e-06"
"ds605","Student","Stu_62c851e78871409a3f91943784265e5e","0.109009968206366","-1.68693574946178e-07"
"ds605","Student","Stu_6313f5d48166940f9a3c895397dc8450","0.191207285396486","-5.8075401991474e-07"
"ds605","Student","Stu_641303d8df4efcd09bc3058f055dacd9","-0.190210111571598","4.02444121927557e-07"
"ds605","Student","Stu_74519f5061848a6de4ad17d967ff96bb","-0.180343861577376","5.23412314869667e-07"
"ds605","Student","Stu_7552f32813ebbf9d42eb2d5056c5a5a1","0.218182490143551","-6.62906505477563e-07"
"ds605","Student","Stu_76783213d06c329ff4509d67d9540783","-0.161457996897548","6.18191362953247e-07"
"ds605","Student","Stu_76b3b4e6694ecbc31523be09bc25a90c","-0.263857487234389","6.8393314872166e-07"
"ds605","Student","Stu_79e424a9884385b0c3e29054105a3878","0.0816904113113227","-2.48098244539773e-07"
"ds605","Student","Stu_7e127d26cddb41131bd42198313b5cfd","0.274650973614269","-8.40032133866689e-07"
"ds605","Student","Stu_7ea601216c93115f5c2f651a44d74616","-0.0158824784518701","4.81068615868207e-08"
"ds605","Student","Stu_7f904c86c9fa66e87b9c68b9ad76f3f0","-0.232415716607163","7.72670235614936e-07"
"ds605","Student","Stu_7fc1419d467de576975f99ec5de30864","0.260730847106145","-7.91815078294912e-07"
"ds605","Student","Stu_81b73846c8ec58b913913d396d6d6bb2","-0.311080077633318","7.36540512790719e-07"
"ds605","Student","Stu_883ec584fa73903746014f0b5f3a2383","0.165817039169496","-5.03799351776022e-07"
"ds605","Student","Stu_8868579dc69af8141daeddce4bcc35fc","-0.074752668156186","2.99500499223802e-07"
"ds605","Student","Stu_8abcdef11713a335e9908883a8a75f6c","0.0946434328667968","-2.8675372453173e-07"
"ds605","Student","Stu_8eb6b7f1c4eeb06ae404d96952418302","0.0459122592767449","-7.09314076363251e-08"
"ds605","Student","Stu_90c8bcfd1f3ebe32160c9d0a922f8b3e","0.245026737262354","-7.44708699748089e-07"
"ds605","Student","Stu_97ebbc31f5914fc33da7ad30d1bf0b1b","0.0409347178541272","-1.62072557522021e-08"
"ds605","Student","Stu_9967cc1a4b760f65f6cc03969bd4cd3b","-0.019878877451735","1.10726726470536e-09"
"ds605","Student","Stu_99d14e9f47630947c093b1bf7cd242b5","0.0464764344281591","-5.37830251623503e-08"
"ds605","Student","Stu_9c65dbad20823e72cdfe5847c99dda7e","0.00675538940948547","-2.11221376026452e-08"
"ds605","Student","Stu_9c7ca40609cdfb329249ea4245708d7f","-0.09426706796598","4.28003202594716e-07"
"ds605","Student","Stu_9d09c9b4ad90578adbcedcf102f32d77","-0.21354575302671","8.04011342501912e-07"
"ds605","Student","Stu_a19101b1d4372aa0db124cd410300e9d","-0.208330265009757","4.14926117873542e-07"
"ds605","Student","Stu_a6560aa34b5409251101f18936204761","-0.257781351000556","7.17883690234233e-07"
"ds605","Student","Stu_a79e9f192f5e5e1eeb8373b90e9555ab","0.265383680550238","-8.0628882435835e-07"
"ds605","Student","Stu_aa21ff796391ab3f938b614999868e6a","-0.148714393171444","4.91469484057383e-07"
"ds605","Student","Stu_aabd9577e94c7ce2be8602f8380bbcaa","-0.17074801411532","5.35756963615445e-07"
"ds605","Student","Stu_ab693fb4ab39d8b8ab100093b2e3c6c1","0.24501471158668","-7.44606713463801e-07"
"ds605","Student","Stu_af2050c52a47e53ddd95b92d7be354c4","-0.0785239645050387","1.34604583445561e-07"
"ds605","Student","Stu_b58a1342a0637156ee4c624ea5d218bc","0.127291202066231","-3.86520927308555e-07"
"ds605","Student","Stu_b5e730cd2ec5c9a0bcf95f2c06a4ea6f","0.0331255728651146","4.94282996577095e-08"
"ds605","Student","Stu_b608912576c5218babac4eaeb9727271","0.245036262856495","-7.44752524285327e-07"
"ds605","Student","Stu_b6675c9bd69efff8ba4453e0243d0579","-0.417442268207393","1.11592220375071e-06"
"ds605","Student","Stu_b74af7d8b5f76bd13a7138bca618ccc1","-0.0982096585155637","3.55192795782687e-07"
"ds605","Student","Stu_bbcd6a92ff6524f742b3b0d89652ba77","0.0911572828082724","-2.45561637642091e-07"
"ds605","Student","Stu_bcbe6945c7e2675fddcfa580c6e402d1","0.223625204173636","-6.38702107802657e-07"
"ds605","Student","Stu_bd5052979f7da4e759d178fbae95f40a","0.24503816853609","-7.44762262294473e-07"
"ds605","Student","Stu_c1d2ce09cc2d18699756690a363d8b1a","0.075989939869553","-1.53121888611584e-07"
"ds605","Student","Stu_c2b1f9858221292637f6f16c7432d7f8","0.280490916623211","-8.51895413053613e-07"
"ds605","Student","Stu_c7228a98f0aca3f8ff53fe140189ca8b","0.265103926080207","-7.30954142717386e-07"
"ds605","Student","Stu_c9f72f273cb782d392fe4850ad7b4726","-0.129209222890677","4.5460540986545e-07"
"ds605","Student","Stu_cba6ec245bf63983135cd65ef9986e59","-0.325007623639759","9.9565230659561e-07"
"ds605","Student","Stu_cca22559f88d2c800040b914b158e570","0.178699204395146","-5.43039082276337e-07"
"ds605","Student","Stu_cf76cf8419b13ba02632ef315caa0a3b","0.262574394079337","-7.89201281640481e-07"
"ds605","Student","Stu_d462ec6bf31dc5828667bed21844e74d","-0.0695438466507967","2.10576985443845e-07"
"ds605","Student","Stu_d4f9993e58b5b83d67a76eb3aa3e3644","-0.0256388284969991","7.71153858285983e-08"
"ds605","Student","Stu_d5722dc6f742c273714ac7b095ad771b","0.107444925781301","-3.2612857629415e-07"
"ds605","Student","Stu_dc7ac07df0c48653e5f43d00d3c4b51d","0.174581405695989","-5.30720475929896e-07"
"ds605","Student","Stu_de1ce6bc3bf9444e631f8f05d86c68a6","0.131853752849041","-3.45529440593907e-07"
"ds605","Student","Stu_e14d20c7750cd03f55c0da62f493a05b","-0.0150223986947684","4.59722919994966e-08"
"ds605","Student","Stu_e1d511666b7dffc010729f317b24be12","0.209870684973198","-5.9529657701947e-07"
"ds605","Student","Stu_e2c9d8428fda81a8682a87bb584d4ac9","0.140934272144011","-4.50027539586879e-07"
"ds605","Student","Stu_e70aa1680139604eb670172238c7ca79","-0.0648338622809412","1.95731841888564e-07"
"ds605","Student","Stu_e745fce75055c6c9895110dfe125c9c1","-0.161390383924805","4.2993805876948e-07"
"ds605","Student","Stu_eebd7828792e1167b21c23ae1fdbfe63","0.0159707437669291","-4.85312415229257e-08"
"ds605","Student","Stu_f28f67d1fadd064348b10b681b50cf99","-0.345557610673285","1.05000880354016e-06"
"ds605","Student","Stu_fab08bb1741b59493ae7c198e0a1c382","-0.557489314667748","1.43176452261643e-06"
"ds605","Student","Stu_fb10e504b85b6789c734e7978d02152c","-0.0421668597394145","1.24615285467943e-07"
"ds563","Student","Stu_036abc10b507c9274650a5e63779682d","-0.0362149116267936","0.0881258059786177"
"ds563","Student","Stu_03bfee4b23a6d81b74db46e3b6448e5a","0.0133542792044103","0.0881258454314564"
"ds563","Student","Stu_1aeef560a9813180cf217327145bad57","0.00944210769751776","0.0881260358066766"
"ds563","Student","Stu_251e159775a8df6bc40381b87c67c184","0.447866864723535","0.0881218096559473"
"ds563","Student","Stu_2536a02c154761ddaa40364f91b1c3e7","0.683501855040083","0.0881186578450114"
"ds563","Student","Stu_3c0aadb4e5cc9a0af4e63aa072b33e0e","0.230720698985507","0.0881247783569622"
"ds563","Student","Stu_3c99e98d9d1c0bcd6cfc66f9a2473176","0.437640896352042","0.0881279575887781"
"ds563","Student","Stu_3cbbb1683f16a2ab0867e0d79739bf60","-0.290228347240594","0.0881244959882083"
"ds563","Student","Stu_3d1ecddac5e2f0c1b0e988d593c03fef","0.11937408641218","0.0881279699748091"
"ds563","Student","Stu_3ef819dcbc86d407a6379a0fec6175a3","0.0697049507622","0.088124591016191"
"ds563","Student","Stu_42aa56377ca8063bc1d32475b35672a1","-0.196730711458015","0.0881250283857417"
"ds563","Student","Stu_472d09b22114679bb10c5fb3a51976be","0.247044777682429","0.0881259899077915"
"ds563","Student","Stu_48fa6b8f3227b48bbd944c12d8c478db","0.693333242301146","0.0881252943908055"
"ds563","Student","Stu_493865eb3c930d806853f116079ab76c","-0.0163459287205328","0.0881250573114643"
"ds563","Student","Stu_4ba1212ab1bb85f2bef7edb2d25179d5","-0.618242817538464","0.0881269508488789"
"ds563","Student","Stu_4d1e53fad52234dfe6655262815e632b","-0.00906593245318905","0.0881231109146238"
"ds563","Student","Stu_527174bbf2fc8ec5ed681fb9e5a1ee64","0.04645986745372","0.0881237791673704"
"ds563","Student","Stu_546f690a9cd2d4ae442ab6d51c713c3f","-0.421632473912801","0.0881249908221211"
"ds563","Student","Stu_5628238739f7ed05358a09d5075bbba0","0.360027028110711","0.0881268570652089"
"ds563","Student","Stu_56e908e48e2d124f3449cfc03037be13","-0.0294780422416683","0.0881249139317218"
"ds563","Student","Stu_5737e1306a1c057d234c699257d32ee9","-0.106214505463888","0.0881228549251137"
"ds563","Student","Stu_59076a0eba30c86c2897a88647f428e3","0.198517863341774","0.0881261661529689"
"ds563","Student","Stu_592cff0059041671089a4d6eb49a3e33","0.0214430400664017","0.0881261317879755"
"ds563","Student","Stu_64d0f82f5d082b35af9235397939876d","1.04811445568936","0.0881223652142411"
"ds563","Student","Stu_6acf3df5e6741167bc7288aa2b87f922","-0.232608975421075","0.0881248756443689"
"ds563","Student","Stu_6c52602d88dce7ec539f5b3b31e3db4f","0.0561067555683373","0.0881235761736"
"ds563","Student","Stu_6d870eab020bc7c7680644fc52fc474c","-0.107387362939734","0.0881250348623102"
"ds563","Student","Stu_741907c1c3a9064d271e661906a2b616","0.215496440544444","0.088123780598492"
"ds563","Student","Stu_7557dc182e3b30bb4a3b206afd964007","-0.18712171318616","0.088124519020014"
"ds563","Student","Stu_774b319c7b3e37cc378f4bd6e2b14c76","0.168584829797644","0.0881248856046589"
"ds563","Student","Stu_7a4387ea9bc12dc9a94317626340091a","0.0669691020660734","0.0881248053170244"
"ds563","Student","Stu_7b7b95f8ff923fc3eb45a266347bad0e","0.159126779960264","0.0881234600504121"
"ds563","Student","Stu_8117cc6f602a5187cf2c38cf5b43d710","-0.115409690518661","0.0881245867430739"
"ds563","Student","Stu_82ef40fc5936919f9f0f4bbfc728c21a","0.0644852857890894","0.0881258888056334"
"ds563","Student","Stu_841f389a749b0fcfe75038a3285d4d25","-0.383992917350389","0.0881231054211692"
"ds563","Student","Stu_873a0da4f8ad8efed304597a1ba70ee0","-0.1432692195995","0.0881259323880498"
"ds563","Student","Stu_89849250ec13109f26f85e80f3bbc3d9","0.427977506352797","0.0881245899359401"
"ds563","Student","Stu_8aec3d7b8855e1f6b50ecfbcd3fe8611","0.536201747237716","0.0881236307979584"
"ds563","Student","Stu_8bc4f4c730fca2a4baaac535d391c719","0.898635996927485","0.0881260048044577"
"ds563","Student","Stu_907fb00d013973a462e7caae04cf665e","0.236675934440149","0.0881203741851094"
"ds563","Student","Stu_97b3061e03e134416c3aaf80f2362401","0.368712256024204","0.0881253980491542"
"ds563","Student","Stu_98f42c88d961bdc57ba99111e423a851","0.201195990994783","0.088123741207477"
"ds563","Student","Stu_9b164444d59c662122d025dcc685eb58","0.974051329745675","0.0881255213096253"
"ds563","Student","Stu_a96b62593d2a53ad755d91669723f335","0.494545170470497","0.0881275562036684"
"ds563","Student","Stu_aa0fcc111376c00e420c35b388ce368c","0.654676650934232","0.0881253102598824"
"ds563","Student","Stu_ac8503eca3b230377dfcac98da0fc535","0.188295671912987","0.0881250350695039"
"ds563","Student","Stu_b1714f6e60280cd8488029d2e154614f","-0.57533041711547","0.0881209493552742"
"ds563","Student","Stu_c2934a41277f8b9dbb9bd101fc00837b","0.336876817350331","0.0881271270354742"
"ds563","Student","Stu_c352820eb88dc5136fc27da2a1bb01c9","0.119540800765416","0.0881247256305832"
"ds563","Student","Stu_ca26ec03a09930eab8be331a6058a0f6","-0.02051980414838","0.0881267403649669"
"ds563","Student","Stu_cbb8bcf9b16610123f9b6088c7eb6ed7","-0.29175992031632","0.0881245423268951"
"ds563","Student","Stu_ceff6d6bb1a72d051abb57588f11024e","0.51071260149492","0.0881290969856388"
"ds563","Student","Stu_d4c880b4fece04f11164a320617158a2","0.232727061367261","0.0881222896418107"
"ds563","Student","Stu_d706c3fe2b80810c92e024b39517c7ec","0.0705790071017662","0.0881243305797887"
"ds563","Student","Stu_de735450023746a3b8a82f80c01072d0","-0.107751150677108","0.0881259511701341"
"ds563","Student","Stu_e226bf28fc85f40d5725883f7c8cdbdb","-0.109161257553438","0.0881255382837884"
"ds563","Student","Stu_e4e2238b33cb687a7a6ba0eb5cbb715f","0.209902202542415","0.0881222951452842"
"ds563","Student","Stu_e51762ffc15c60f3e4330dfa2fda940d","-0.0978420156474668","0.088129583425211"
"ds563","Student","Stu_e59d9f4d8c1ecc92f44b103e2f0632b9","0.201987478067459","0.0881260999156949"
"ds563","Student","Stu_e8782eea5bec045c105a7e532e7af89a","0.465131396067138","0.0881246334518286"
"ds563","Student","Stu_ed6f557cda8f66db6066d9eedccec3a0","0.274054991261605","0.0881254926553103"
"ds563","Student","Stu_f57c15adb70acac2efd81b2eefd73433","0.209864032718452","0.0881262393845247"
"ds563","Student","Stu_fabfe332f798f09ab03cfba0ddd96ef6","0.539745028603573","0.0881268496547616"
"ds563","Student","Stu_fcc8fa3fdbe40643aeabb6b0618860fc","0.0181122572240156","0.0881298060365856"
"ds565","Student","Stu_009d4b6ced71bf0e33197565edc3d2a2","0.336450377626197","-0.600357787486116"
"ds565","Student","Stu_0104b0ac1cf243a9f7aa98f860a77ec8","0.310138540093483","0.16091331860568"
"ds565","Student","Stu_019edadf5ad02b9bf8df83ae785d3780","0.348270122937276","-0.321115758714511"
"ds565","Student","Stu_02bdf1ff7becf7279da0dc7d38371e19","0.46608408016573","-1.21719128120386"
"ds565","Student","Stu_0482f77e0c3d86078df93318e0df2ef4","0.407463962605457","0.411972476581966"
"ds565","Student","Stu_07a79fbd9392f74e82dabe7cbbc97eeb","0.29704549340168","-1.9503898604725"
"ds565","Student","Stu_0bd9b00b67099c59564172013cbb0ebd","0.321486742950825","0.750687335175202"
"ds565","Student","Stu_0c9e07427f2b8fab8fa3196bb41a46f3","0.432072572971721","0.138801141687286"
"ds565","Student","Stu_0cbb3f9577e2db1ffa459f0523546e7e","0.582551897711114","0.946496965132541"
"ds565","Student","Stu_101e3f85e8ac0b54ca87684a79ecd928","0.523873959897598","0.195039459512062"
"ds565","Student","Stu_116c226f6908b648f04fa69343d029bf","0.39395506063681","0.200134080403759"
"ds565","Student","Stu_18605be8937b7442448ffe77d6687793","0.487434790068098","-0.144527761654617"
"ds565","Student","Stu_19d2e924bd6a2bb6dd90ed55d4ba24db","0.439638472748166","0.773972150903096"
"ds565","Student","Stu_1de7637bdebbfd5c3e337b33141a32fb","0.196444064043799","2.49287961524103"
"ds565","Student","Stu_1f0ff01998b1a8b98a068dfa00106dd8","0.282103295954316","2.06246570065257"
"ds565","Student","Stu_21ceeca5ce4db9070ade58b76dcf46fd","0.615676381261407","0.596184463506698"
"ds565","Student","Stu_25379df0c15c9dd6f795165b98aa429a","0.549175678845057","-0.327166445567756"
"ds565","Student","Stu_2a341b4087fc2dc0139aa0579e3ab2ea","0.346384623641824","0.672536753943573"
"ds565","Student","Stu_35fd4e1881c6d7d90e9d2b38321fe536","0.458543753127098","0.053262860200496"
"ds565","Student","Stu_37a1134deead7fb50d7d19fbe5195dd0","0.15877701846988","-1.27275619113015"
"ds565","Student","Stu_3b2ed994e9607ab951b4775180159273","0.291677207185004","-0.461990592735511"
"ds565","Student","Stu_3d441443f2fb2a1e00ca3bea9882c865","0.49681206516579","1.27032669535511"
"ds565","Student","Stu_3ea07f4294686df84fdf9da41c80a438","0.3530164132596","-0.316007573766136"
"ds565","Student","Stu_416f787e59e116a395ebd16265b1e767","0.443463702331926","0.47941691211545"
"ds565","Student","Stu_431072911effcd63eceda0befb613902","0.388679645036154","-1.14484639737425"
"ds565","Student","Stu_4ef584a0eae6aa9661517a3c5c10aee0","0.223283900438968","0.62705865718011"
"ds565","Student","Stu_56c563fb87242730a8d8a503c208775c","0.242828815098786","0.94161059045026"
"ds565","Student","Stu_590bb3b1e0c796ef7c78f5763c83df06","0.395417082794118","-0.320449404747664"
"ds565","Student","Stu_5b9047ffeb340871a2151a27998c004c","0.336071576465729","0.611825271697375"
"ds565","Student","Stu_5cc7bd63463226a912516d1e3dc35185","0.0677311188535807","1.21678968482458"
"ds565","Student","Stu_5d534374b1b594109aae9cafc9244443","0.135573522273449","0.241096820038934"
"ds565","Student","Stu_5e1f32aedd4cd4611fdc690149c48b7d","0.719151597304888","0.659715199498597"
"ds565","Student","Stu_5e2205f851c8334efe876f2ba1d151d5","0.518607319277804","0.299778723828593"
"ds565","Student","Stu_67e3a2a40291859527feb413a31dd981","0.374435677447159","0.4392291086122"
"ds565","Student","Stu_721dc0c2e31b6a3c9e0b588a6ddcec38","0.292882819251582","0.888489286360818"
"ds565","Student","Stu_751a594df93ed541f2a3ba3fc74bb770","0.326657672367675","0.306129787814544"
"ds565","Student","Stu_75fcc5a186c2b5f18708e668115df046","1.220745566113","0.581358832045839"
"ds565","Student","Stu_7653a6e4ddc2756a4f7dbe099709c133","0.364989648783954","1.93848187169973"
"ds565","Student","Stu_775a05665708ad35b99b93699a1355f3","0.326813041516284","0.176687599713568"
"ds565","Student","Stu_784a97f3a26b364ff53d1ec5e4350799","0.405765962883173","0.664149584960122"
"ds565","Student","Stu_7dde2f708675f3b52a42521ce747c7f6","0.484732667935689","-0.0080970912817685"
"ds565","Student","Stu_7ed0ebfbaddff524957979f4099b6c7b","0.312189517956074","1.71759263450388"
"ds565","Student","Stu_84eaff6c826ba6711769a9cf2f4e6c24","0.304800499825947","0.48568340930704"
"ds565","Student","Stu_8819f98620c55609240bdccf2658781a","0.324779808650859","0.473589511787864"
"ds565","Student","Stu_97a3e595867d392fdf1990246ad0a4c6","0.302033136103603","-0.213806380460906"
"ds565","Student","Stu_98709e1f5829ad05ae0df632b1ed2158","0.448627303654478","0.363972057502866"
"ds565","Student","Stu_98855526aba7f3e6c101d4bde9b5a472","0.579865646479939","0.139808543567323"
"ds565","Student","Stu_9d5481f229fca0bbb4d7d569386e6f6c","0.204451044684367","-0.496453723813057"
"ds565","Student","Stu_9f07ecf8b99f9be24ae764dd3577cbed","1.01143572487301","-0.226770081535539"
"ds565","Student","Stu_aff2b7806e2a4e9419f49b22736f4f58","0.233066834260072","1.29072846920131"
"ds565","Student","Stu_c23a5eece6769bf9c9d2950aab890549","0.293212436497915","0.7327356465256"
"ds565","Student","Stu_c5ad311ae28c2f72d7e64093615bd0e2","0.498511537241969","0.602821234125236"
"ds565","Student","Stu_c8f6a84849e5a7b472e3c90fa7402951","0.494564713538034","-1.05289660951852"
"ds565","Student","Stu_ceb9d8104840276712f124b559ba3acf","0.331627014907805","-0.101542329326837"
"ds565","Student","Stu_cfb9266e8e4ee08b46d334ea2003cf80","0.191083310097568","0.477673625629933"
"ds565","Student","Stu_d303e64a3b790d2acbaf6813c5d2406a","0.346471991074742","0.328233571863117"
"ds565","Student","Stu_d7785fd722bbc4458524ce139db4608a","0.441248984138016","1.05517497991679"
"ds565","Student","Stu_dedc7d21662d7b189525ffc8480e3bf8","0.413291061795968","1.33632533476577"
"ds565","Student","Stu_ea5529e0676a3cc1a71184feeeba39fd","0.226641991278742","1.09995937393839"
"ds565","Student","Stu_ef67706133478e8722d24196da7ace6d","0.409968862360629","1.55203813052781"
"ds565","Student","Stu_fcc2ada809e08a8c806142371f6a7fd3","-0.0455284209806405","0.541487422475124"
"ds115","Student","Stu_030458dc7f5b93604de713b8f0595006","0.0731342056128966","0.138786719080443"
"ds115","Student","Stu_032e1ecce3f805b5e3ab3884154068e3","-0.206672708430139","-0.291297728098602"
"ds115","Student","Stu_049e05a8f6b3b5eb958721e6c5cfe75a","0.116213656771038","-0.022413489668312"
"ds115","Student","Stu_080fe8f22a7b88dbda214761b6760364","-0.17430974193507","-0.111844155633999"
"ds115","Student","Stu_0b174d7bee3983723f70e122ba287cc7","0.202940536479449","0.677954345375835"
"ds115","Student","Stu_0d2c371498ec2851baba189c6d56d702","-0.192146844515304","-0.295296512224398"
"ds115","Student","Stu_177099c0e4631bb00936c32b7966fb34","-0.0557273930863393","0.20362142585779"
"ds115","Student","Stu_1c77165984aa638da0f48cdebe36e7fa","-0.363020630995146","-0.509229706994559"
"ds115","Student","Stu_1e4597cb0bd5a9ab6a9fe4024c21d609","0.0287393153622654","0.0319662775378276"
"ds115","Student","Stu_249fb3894fd670e9451cfe5294a7014b","-0.272749886355457","-0.224302329869193"
"ds115","Student","Stu_259ec68894d7eadbdfa6a0477caf418f","-0.286381136104903","-0.0622779514295946"
"ds115","Student","Stu_26edaeddeb070a2f2de285ae5125f497","0.0639087574583021","0.129186182967731"
"ds115","Student","Stu_29972ae0c7593bcab4865157466ea6e0","-0.236968758626971","-0.41775822915702"
"ds115","Student","Stu_29ba7303e7c02103a64e9d1b71149c53","0.0317461823156808","-0.35055527846509"
"ds115","Student","Stu_2e90c8217895d12b590f9217606d5032","-0.148862935125395","-0.556981979507981"
"ds115","Student","Stu_378391708463addf9917e9794d0c8427","0.135915908283421","0.348703339343076"
"ds115","Student","Stu_39506dd92d53f0d12e58fac8faca3fdc","0.0351166714878988","0.316409540488845"
"ds115","Student","Stu_3c5468803b7ec059da6f8ae3196fd856","-0.250301879346321","-0.51007693943963"
"ds115","Student","Stu_3e98398fbd31db9b3a58f520b96a0ae6","-0.599501920266553","-0.909167470728955"
"ds115","Student","Stu_4233bad6386d416c3d3b3eea9b543b1d","-0.0554012474131698","0.11616630771726"
"ds115","Student","Stu_4265fc2c834d4c78df1ece2b71150807","0.00427605285198847","0.0975328436038601"
"ds115","Student","Stu_4374325d69dfd56f911adce7f1265953","-0.239407209980034","-0.401427516416524"
"ds115","Student","Stu_43f1042bc225c5aa843bc53844160aad","-0.197698101578509","-0.321611707226346"
"ds115","Student","Stu_4b24cb04d7d82bfb389c793aaba89b3f","0.263436230739776","0.622112708855708"
"ds115","Student","Stu_4eb9aff94ef276f875454105e9bafa13","0.315396173682895","-0.129962767722255"
"ds115","Student","Stu_54273008103a46a489a01418c46ccd21","0.132193847317212","0.0331410192738851"
"ds115","Student","Stu_59322a0e741b5d2e628c7a9f3b41973e","-0.935433539467001","-1.52451089292619"
"ds115","Student","Stu_597fca90504feb34af2a9651fa2946ee","0.047393754624382","-0.243696675954952"
"ds115","Student","Stu_5dbffa4533795491cc1a9260796a86a9","-0.0424590157828887","0.0181533792683487"
"ds115","Student","Stu_67edfafc3aea3d5d6fb19c0bda152870","-0.0768927106481714","-0.136142562159571"
"ds115","Student","Stu_699f667ba6f7e84f4b818162cd16b2d9","0.17163794027453","-0.180207712002572"
"ds115","Student","Stu_706104c4d6ef81c0ceb39b4430e80700","-0.3720540772671","-0.726444042880537"
"ds115","Student","Stu_7151bcc000e6b3bcfa2c69ad0d325b00","-0.0956577785144345","-0.264834913193077"
"ds115","Student","Stu_75f23c3a22d893966622fd6900721128","-0.357604313847747","-0.760344401244769"
"ds115","Student","Stu_78da5fc6b6229bb02e87f162c9be96c8","0.0727130568057605","-0.0420713974925925"
"ds115","Student","Stu_7ce45ff5abc46358e5b33c766cfcc4fb","-0.361588064350129","-0.526733147191582"
"ds115","Student","Stu_81b484dd437e451a613410ee52b3e31b","-0.213846642995818","-0.434144541909083"
"ds115","Student","Stu_88e1c38ef5b3875ea4d77f9ca479814a","0.00389254382102321","-0.0536445475693182"
"ds115","Student","Stu_8d6f5b31fd7fa907289a11a209a0cdab","-0.221976788490329","-0.299129627658917"
"ds115","Student","Stu_8ecf362adbf1f609e7d541868c54b2b3","-0.0799051609103501","-0.707411155516001"
"ds115","Student","Stu_9049feae58a3a1712a09792a8b08f2a8","-0.105394136112907","-0.584339986552599"
"ds115","Student","Stu_931aceafbe22be1fd89261581e518a5c","-0.18052407283631","-0.591258730370731"
"ds115","Student","Stu_97b8da33da4498ffce16af4f96e8b740","-0.159929813694666","-0.659029998119093"
"ds115","Student","Stu_9aeaac5a36bde1a6e61f3a8bb2b5732b","-0.0414423225980373","0.260457282229959"
"ds115","Student","Stu_a41a86736799d3c0d20e909823e97368","-0.0891104118390273","-0.138086310428062"
"ds115","Student","Stu_a66e44dfae1bc21dd2448107a07ca5a4","-0.0020658872206705","0.142454006760847"
"ds115","Student","Stu_acec61751831f6011986ac5b1b54e5ea","-0.273194540278488","-0.822894116240141"
"ds115","Student","Stu_b5d0b9da3b3ad38949184e7e8adc834b","-0.123226113187231","-0.0427209899465956"
"ds115","Student","Stu_bb776c96dc9d7d03a9fad446266d5008","-0.554718614793397","-1.23218726673071"
"ds115","Student","Stu_c0abfa5156d4427c83fe58b6b3f0c8d0","-0.543641394515013","-0.968272676785401"
"ds115","Student","Stu_c2463c7ff0aab942019cfff856a9219f","-0.546174135578029","-1.2826391965496"
"ds115","Student","Stu_c2728666780878f98e62871ab25ead6b","-0.310269941622069","-0.480868451988551"
"ds115","Student","Stu_c3042ad48aff0c36d0846df05cd69a17","0.207799721762142","0.216580014218941"
"ds115","Student","Stu_c66becf9d206dc020da2d82621b9bfac","0.0596357972837318","0.278277791533534"
"ds115","Student","Stu_cad8d62c8d50bcf6df69bff95bb1fb75","-0.0755462469611275","-0.215436557357165"
"ds115","Student","Stu_caed9cfd3442be9b55da24560241f60e","-0.203327957265327","-0.489864446215186"
"ds115","Student","Stu_d5379c7f071edf4274af37743a9bd680","-0.360121872482624","-0.825703133434948"
"ds115","Student","Stu_d80ee48648a401af6d7a92e6022eb2f3","-0.032753041969845","-0.0780737544567292"
"ds115","Student","Stu_da9a2d474ed0bff6db8d1e55967162fd","-0.432651626579995","-1.03609128543824"
"ds115","Student","Stu_dcd1c6144c48a6a7f2b173632b4b6c11","0.154090241714965","0.316044764545333"
"ds115","Student","Stu_ddb8e48700c3f631ff31546d43cf6246","-0.0187347969274681","-0.0910378231263068"
"ds115","Student","Stu_de91266129f97706d9aebf7aa36979e4","-0.0973883317507763","-0.249985995810922"
"ds115","Student","Stu_e26c0b76a72cba412f8b38612d468f43","-0.0726385176477733","-0.478948763415118"
"ds115","Student","Stu_e6cbddd25b95cedafdf8ebab4e445ef4","-0.354712248528542","-0.363315031560482"
"ds115","Student","Stu_e865a643e86e233e014937885e56bb13","-0.489734630595659","-0.394063529306491"
"ds115","Student","Stu_ee1700eb28a2c0c40994aa1713f0bd73","-0.201796716600548","-0.271132686229494"
"ds115","Student","Stu_ee275e658a8050951de8aafbdbd54409","0.0715907413170685","-0.146397046127789"
"ds115","Student","Stu_ee41f93767cc7b437a4a1ff0ad19ea13","-0.176355849178786","-0.34876155340544"
"ds115","Student","Stu_f334431b68949f1f591cf7be23da11c0","-0.0075746757088952","0.0355767494695502"
"ds115","Student","Stu_f3e037871f7dfc7894aa6d4d7e7dfb46","-0.00106310782760273","0.438392316886101"
"ds115","Student","Stu_f8938ecbf4cc9b78eae7e12103e61e6f","-0.386792686476647","-0.809985057822543"
"ds115","Student","Stu_fd95cbc275bbf5c0a5e2b58d88cfd136","-0.339267194753345","-0.514900126445886"
"ds271","Student","Stu_03d71ad436fe9aad2884baaf3d09763d","-1.5752128294214","-3.72204622216009e-06"
"ds271","Student","Stu_08958a264bc43d9a681f43a8e3b5d789","-0.0249620963793277","-6.39347594635674e-08"
"ds271","Student","Stu_0cd187059fcf3a7bd14150905de63958","0.801080044499592","1.89288453781392e-06"
"ds271","Student","Stu_141b4f225cd11b19fb52033fb1ad1c69","-0.343576067278582","-8.14020750366815e-07"
"ds271","Student","Stu_14d37c0fb9b7a0f3e6bf50f0ac9cdbf4","-0.0262358553823954","-5.53415905843715e-08"
"ds271","Student","Stu_1694d71d31a59a2a3f351f1c35790412","-1.47007009157022","-3.90662813001416e-06"
"ds271","Student","Stu_1a76da652b3853440ce1c8789d85ef79","0.263479081503439","6.3626486684026e-07"
"ds271","Student","Stu_20099f9f7482241e51932b999c512d81","0.263142280848683","6.31791328175453e-07"
"ds271","Student","Stu_2225bed343fe00707c481572b8db7c70","-0.984019009187887","-1.39604197432169e-06"
"ds271","Student","Stu_24643303525930e30fd0c060634fac92","0.585670866476319","1.78203638331822e-06"
"ds271","Student","Stu_2cb311ecc06798a95079b8dea3c0cf32","-1.29577760465003","-3.06305858680822e-06"
"ds271","Student","Stu_37393bee94ec9f1beb8be44c77be13c4","-0.654905356260309","-1.55045398079943e-06"
"ds271","Student","Stu_3d366a35d6d8258691b59453baa860cf","-0.655079134943204","-1.54402687199763e-06"
"ds271","Student","Stu_3fdf4d4184f84f7cab1bff6e507cb207","1.24669201781704","2.94377343407119e-06"
"ds271","Student","Stu_3fea539d1c8d781407db4808de9cc1fa","-0.993704617664453","-2.62564182624937e-06"
"ds271","Student","Stu_44a40c84c9966fa4004432714602b80a","0.108022448381185","2.40062692773162e-07"
"ds271","Student","Stu_5057abfc560b30cd298ac67c16a46542","0.594823460020477","1.40211732429373e-06"
"ds271","Student","Stu_52d86745af9a702d79dbcec99a875f14","-0.161598558579768","-3.88137918905324e-07"
"ds271","Student","Stu_5590bcfa40dd66d3ddb01a22b039481d","-0.0298345320913283","-4.7324268382138e-07"
"ds271","Student","Stu_571586cc1a1da2186c0dc462b1c61e2b","0.714831872057601","2.05612575995582e-06"
"ds271","Student","Stu_58e362ee180f4d39c71eae3be952d678","0.600690801367224","1.41820052135114e-06"
"ds271","Student","Stu_60ae3652196ee1d3adb870599bdce6b8","0.596758686178764","1.41107965733888e-06"
"ds271","Student","Stu_64d32a448170c9505db7e6f11da5cd62","-0.603388358726326","-1.31299038165656e-06"
"ds271","Student","Stu_66591b538df0a6ed87ef18e33de6a084","0.581259778867092","1.85066652760698e-06"
"ds271","Student","Stu_6b1fa78955bf3109dd558511c286cf31","-1.05993113426705","-2.61751286301671e-06"
"ds271","Student","Stu_717939296459bf18c8375389494fa96a","-0.593268066514031","-2.41772341596865e-06"
"ds271","Student","Stu_72169165ff043b98f780f12785818e1f","0.0931765984427898","4.43246969661751e-07"
"ds271","Student","Stu_766b426fac4740711669acb19d0c67bf","0.258099657246984","6.12361979015557e-07"
"ds271","Student","Stu_769012f4b11ef13532386e9bdcb2d44d","-0.218401935380171","4.09649789197935e-07"
"ds271","Student","Stu_77ab38e9199510b77b073be74b49680f","-0.493344822650635","-1.17351686314078e-06"
"ds271","Student","Stu_77ab4f58d39a7b3e430217d8b0d38b0e","0.786344209382691","1.86809449365721e-06"
"ds271","Student","Stu_7a09e38af928922ab4f9f186328b7bd3","0.795355525938664","1.87990302415571e-06"
"ds271","Student","Stu_7deccc1c198115c2b69e7e56f8606518","0.591988555581333","-1.45296467579027e-06"
"ds271","Student","Stu_7e9f00d73ba9261da5f0d0dd4e25eac0","-0.238302816519025","-2.52279653450129e-07"
"ds271","Student","Stu_80b55be52068a0fb103ae95df426f43f","0.422851491070559","1.00169090052518e-06"
"ds271","Student","Stu_84336e774608b5666c36d20acfa1a14b","-0.297798110472051","-7.05473363490502e-07"
"ds271","Student","Stu_861f63d397b95d26b3e4c3dd076f8f22","-1.2469585389727","-2.94205475385413e-06"
"ds271","Student","Stu_8a16736e9d098f7dc7b19a5f53b83179","0.264194056765137","6.27056470890522e-07"
"ds271","Student","Stu_8fc83e1eb0c534beb0d60dc2fecb449c","0.26368443397587","6.26361751717316e-07"
"ds271","Student","Stu_915f91ff597164efd06e2264d99a537f","-0.19767580886473","-4.49271038024666e-07"
"ds271","Student","Stu_9374e72d660d483a88f2048f79dad35d","-0.501000793189971","-1.19255787953711e-06"
"ds271","Student","Stu_93ac3e4f007df8b9d681dac2a4767120","-0.577736407653092","-1.36023887854764e-06"
"ds271","Student","Stu_942ecc4c6d4b30e8f71c723eb395708e","0.114553977701328","2.78609955484809e-07"
"ds271","Student","Stu_9996729393935c098d6c489ee43a125a","-1.29597752826309","-3.06270169099603e-06"
"ds271","Student","Stu_9c9231facc5b521986a147aa91d3a58d","-1.19652671787053","-3.09926336503696e-06"
"ds271","Student","Stu_a19085a73ad00d2af1d5f6f3eb798a36","0.599764601445214","1.41763738866063e-06"
"ds271","Student","Stu_a3f0adfd565fcdf1980a23c41b47496f","-0.209240031010481","-9.29177975256572e-07"
"ds271","Student","Stu_a6fca1f4fb5e7567dcba15ea1cca52e3","0.214882673899139","7.6801280276079e-07"
"ds271","Student","Stu_a90ad61b835db06763aa21847887424c","0.599224280388989","1.41298478054954e-06"
"ds271","Student","Stu_af9db68d000dba6ecb5ec0db80c0a082","0.599174454459504","1.42083060257804e-06"
"ds271","Student","Stu_b0072de92c994ccb3297009b4eba8dde","0.558809188838687","2.01401800736397e-06"
"ds271","Student","Stu_b6e4cd53b863214234cc870a7ee76fec","0.998668042172932","2.35537387418814e-06"
"ds271","Student","Stu_b9a114464c6cb3771d6b17c390700b99","-0.65241204583134","-1.55315933045368e-06"
"ds271","Student","Stu_bc95553df5b629ed933c2effb211cbfd","0.56277717532765","1.49294541664947e-06"
"ds271","Student","Stu_c63fd22015d9c8e22081152d39602d09","-0.154188414372131","-2.89123820401313e-07"
"ds271","Student","Stu_c9ac22b5cbaba5e19fc369264d340f15","0.0940127496441518","4.10928750671137e-07"
"ds271","Student","Stu_d81cc16d6d42d5f556987b86e43a10fc","-0.0928853140263255","4.02418235230498e-07"
"ds271","Student","Stu_dbc44ca329b22eee8f4da1e65beb2eab","-0.573969426390087","-1.37900782066696e-06"
"ds271","Student","Stu_dd300ffb83edfc2f2ff05f2c0f8e2445","-0.727675800543135","-1.7119675802916e-06"
"ds271","Student","Stu_de7eb17a2d0747c4030107e508dfa946","-0.163251163094362","-3.78335941240099e-07"
"ds271","Student","Stu_e021801e1c7cfc9dc576d7e7ee5fe54d","0.595206827017604","1.4098149306149e-06"
"ds271","Student","Stu_e383da22cdb0f9eda2a2f5e5f7c57437","0.78612471635029","1.85306472870566e-06"
"ds271","Student","Stu_ea36995cc28fb99ce60381b1a31e66d6","0.598876446937958","1.42036543473301e-06"
"ds271","Student","Stu_eb41aea7dd555871fe55cc84b80543e9","-0.321046581209296","-2.9436718800785e-07"
"ds271","Student","Stu_f1e1b535f24dfa1996a83e233b031fb0","-1.07648440413638","-2.54134182779935e-06"
"ds271","Student","Stu_f5e4d97aa7548561ddc18e508bbe276a","0.623136349807279","1.05584246218933e-06"
"ds271","Student","Stu_f65a741519349eeb2e41d32b3eec4c94","-0.0258348965945501","-5.82335723922472e-08"
"ds271","Student","Stu_f8dd939396f5c183df9c06d29d560786","0.258114150223801","6.00068095524859e-07"
"ds271","Student","Stu_fb8fda9c4eb04db4aeefbcd7ae38f5be","0.801098014910747","1.89275374152725e-06"
"ds392","Student","Stu_01219a4e38be936baebe290c65dae8cf","0.0803107750045889","-0.00922832358120067"
"ds392","Student","Stu_022854c237176258d4475979391011a8","-0.335163124005112","-0.00922951891049456"
"ds392","Student","Stu_026479b771a132adfa08a7a256effe78","-0.538508965354577","-0.00922946283816079"
"ds392","Student","Stu_03e96ccb9fa765e1455afa347c57fce5","-0.394468629797448","-0.00922887905268184"
"ds392","Student","Stu_06089fb11925feaececfbbe870f8985f","-0.339701346390859","-0.00922886554336824"
"ds392","Student","Stu_0aa7111dfb877931eedcee455daf1035","0.175988526712879","-0.00922984736110139"
"ds392","Student","Stu_0d934e2364b800dfc77babdb9c61492c","0.635347231577239","-0.00872398153777435"
"ds392","Student","Stu_0dac26e54850d9b81f4e0bc4e84bf425","-0.000357727511305521","-0.00922915900428063"
"ds392","Student","Stu_0e98728cedb8b99a148a2986c507eb32","-0.189629515495012","-0.00922909403206469"
"ds392","Student","Stu_138521ac1a1aa3d3cd64539d5c96e94d","0.517052666659868","-0.00922984837431472"
"ds392","Student","Stu_169d0ff6afe7ff87fc1eb2adc0dcf419","0.156084340152892","-0.00923037198286574"
"ds392","Student","Stu_198381e17ea746d8994b4a2651c987ab","-0.169731495025363","-0.0092289101697763"
"ds392","Student","Stu_1b4cdc20b7bf71c6f309c130ddb5806b","0.175622101524597","-0.00922980735793958"
"ds392","Student","Stu_1c83fa0af1aabdc00bc5af2353676e8d","-0.00415807627192673","-0.00922940949697722"
"ds392","Student","Stu_1ca75d6647dd3b62b44dd708c9b4db35","0.661869354714921","-0.00922799422266429"
"ds392","Student","Stu_1cc0062fa9d839e9b24e2fed3de438ef","0.00696416480535827","-0.00922879046259516"
"ds392","Student","Stu_1dbaaea7b1a5c421171a10e73b1fb880","-0.201558547555941","-0.00922909428679284"
"ds392","Student","Stu_2496977e2add7e2e96223558e4bdaba0","0.428874110083659","-0.00922868275747439"
"ds392","Student","Stu_25d958971d6d5950d9193e6622e41c49","0.219813949702691","-0.00922896833803442"
"ds392","Student","Stu_28d59659a4e0ea3e2343579cf90981ce","-0.0293730392070047","-0.00922792811265242"
"ds392","Student","Stu_29fb97d7e91451844a94289815137498","-0.0679328452710772","-0.0092278624058929"
"ds392","Student","Stu_2ae0e9344271e66bd1816e456d50a5f6","0.0309770811062232","-0.00923053074167516"
"ds392","Student","Stu_305f7bf15c083d26fc4e92057cd9f729","0.47556093042557","-0.00922914172075595"
"ds392","Student","Stu_309d686f8d8e64adea01442634eeaea8","0.414430777476156","-0.0092318162523027"
"ds392","Student","Stu_3269d07ace2b7d3ce6f19fac5ed65d48","0.239366867377113","-0.00922858770041041"
"ds392","Student","Stu_34fe6d2f8b1cd2c90eaae47651e19556","-0.309138518300462","-0.00922993245313361"
"ds392","Student","Stu_359b1b57783db1c95ea526bc2bf28bed","0.158228527291615","-0.0092288126828755"
"ds392","Student","Stu_3b7c6e2ea8665361611118a72edb453a","0.128653361531464","-0.00922916632965652"
"ds392","Student","Stu_3bed2aeea7eb71b4ee1f7f0d67c06856","0.448483678922531","-0.0092295662769759"
"ds392","Student","Stu_3d5bd463115cfc453df032ec6b5285c0","-0.181995191196639","-0.00922992344143393"
"ds392","Student","Stu_3f42a4b8f6ab3261fe66fe81854de87e","-0.0674286844668227","-0.00922900889073089"
"ds392","Student","Stu_4468dfb61bfc4ec39a235333b81e58d3","0.282453202437379","-0.00922944295365839"
"ds392","Student","Stu_48058c785ab4a42870a6b5367b8207fa","0.451439765310882","-0.00841705529045324"
"ds392","Student","Stu_4b75e3590415c6ce8af24099e71eb308","-0.0291361354736544","-0.00922921748893085"
"ds392","Student","Stu_4d1a6bbace972a81ccb8a04455d9a9a0","0.0617371654912883","-0.00922884598121534"
"ds392","Student","Stu_4e06038ad8cc97a706c85f944eb212cf","0.0640206556209338","-0.00922822697886352"
"ds392","Student","Stu_4f60bdada8b95a0b1a1f1ce650d87f5b","0.129430831155304","-0.00923027328221727"
"ds392","Student","Stu_4fa25a636674f913110d04c3f040d16f","0.233564956927427","-0.00922956959176387"
"ds392","Student","Stu_509fc641e52a1555695b382a37a20f06","-0.0467318495640704","-0.00922896436298785"
"ds392","Student","Stu_50ea55cb6c3682f7439cc2582452e5dd","0.75734357008572","-0.0106412858881056"
"ds392","Student","Stu_5406fc741f4a9869c564706b8adc9a11","-0.534712985933645","-0.00923151070453687"
"ds392","Student","Stu_54b662eb33684c573c50cd9a0a88488d","0.0870931065720111","-0.00922966118929801"
"ds392","Student","Stu_5698146cfe6f3c87d784763c8fb9f019","-0.0248278832696738","-0.00922850837698541"
"ds392","Student","Stu_572377ba999525a032776027055d791a","0.372624491081509","-0.00922948145811121"
"ds392","Student","Stu_59820c66b466eccfd1cb854379eb91d6","-0.19073757470395","-0.00922907439584426"
"ds392","Student","Stu_5a6d4aa480525f2c4eabf75536730ba4","0.0404391491532717","-0.00922963003043978"
"ds392","Student","Stu_5cceb312fa942dcbde8fabd77f68c866","-0.117255684125762","-0.00922886470220191"
"ds392","Student","Stu_61e03dcf5b2e5c9772ef0ec5aec520d5","0.156332601142584","-0.00922923297666306"
"ds392","Student","Stu_63e645929b172622be753506ad94e2fe","0.561289642648977","-0.00922949669854693"
"ds392","Student","Stu_65f096bad2e9ef6b2e55dabc4dfe96d0","0.0135597561441108","-0.00922941478859967"
"ds392","Student","Stu_6c8da4a42aae74d314d0198423f197e9","0.671028141111238","-0.0092273127048085"
"ds392","Student","Stu_6cc7f80e4c8102717d28a1c652920c01","0.286970703169672","-0.00923053945043615"
"ds392","Student","Stu_6f934d1b16a19a391c8c307735856c8f","-0.0700832625023136","-0.0092283405838035"
"ds392","Student","Stu_6fff5249c71d57842aded5eea8abc003","0.120673444268618","-0.00922997672079855"
"ds392","Student","Stu_7350f646836b510e391c10d23418f820","0.00974322203932332","-0.00922888850955445"
"ds392","Student","Stu_77dcf5811492efd9addf1b99e674cfe1","0.348182527947365","-0.00922561007875808"
"ds392","Student","Stu_7946ad1d72feaa8967ac4d7b0de50f2e","-0.122721539556794","-0.00922876039136776"
"ds392","Student","Stu_7bd4e084b71c110f404259504fe53bad","0.732004090985501","-0.00922686067440661"
"ds392","Student","Stu_80487c5a97d498a598eee13aa5cfb1c1","-0.300178711172609","-0.00922894051388873"
"ds392","Student","Stu_8149d27b7e8ff673131b7fb7b51c86ea","-0.325872003097256","-0.00922849304546679"
"ds392","Student","Stu_82edaa28ac42971accb01bf3f881a89a","-0.115255472039904","-0.00922963954482926"
"ds392","Student","Stu_83101bfb05a6f52acbfb372126431e1c","0.165080712127817","-0.00922973921137064"
"ds392","Student","Stu_83bf45975dea815db1c8bf7848093b7b","-0.145414710808149","-0.00922956229518899"
"ds392","Student","Stu_8c907734cdf5b2effd07ab7602353753","0.3382529912904","-0.00922947321167541"
"ds392","Student","Stu_8d13cb395ecc5d6fdd9eb333dedf79d3","0.510958875244479","-0.00923220680107295"
"ds392","Student","Stu_8d1599b5b3e98c1463ce3e51fe1f37c7","0.783405150765136","-0.00922870670128046"
"ds392","Student","Stu_8dab7b5c515761f20afd127f22e0845f","0.0777862347154079","-0.00922867167918452"
"ds392","Student","Stu_8fb090aab2c5efcf840f25d9c59b4a9e","-0.149352921040633","-0.00922949658374462"
"ds392","Student","Stu_8ff036fea1e0031e71a4df260f8b6121","0.0550250149479803","-0.0092288569703523"
"ds392","Student","Stu_916c56d6dd82cd3428fab9369fbee7f7","0.070444075550503","-0.00922877857101344"
"ds392","Student","Stu_937e232a2bad2c4892e8b82d7b56e059","0.21140375176545","-0.00923019105266692"
"ds392","Student","Stu_93d147ecd5ccce5f9df016a7b90c1267","0.299445841162034","-0.00922742192189261"
"ds392","Student","Stu_941c5de3200502c6f429826bdbf7f599","0.186858615453707","-0.00922922607104842"
"ds392","Student","Stu_94794bbabd3d511dec77784c44e26257","-0.0211362354128318","-0.00922547428245811"
"ds392","Student","Stu_94a7b35f4256250dd8382128dc397d36","0.157617464452212","-0.00922871848419326"
"ds392","Student","Stu_958472c6b8f1a45d6e261d79198bf4b5","-0.113144967131312","-0.00922936331696737"
"ds392","Student","Stu_96869da4d0dd4aada5b3b5f8b8bfd685","0.207721107540569","-0.00922861836580846"
"ds392","Student","Stu_97689d8bb9081d72f755078acfc6c0c7","0.0658751528004467","-0.00922820975835194"
"ds392","Student","Stu_99ae696feda0952ac18286e980e3b91e","0.0439236994035255","-0.00923191492452809"
"ds392","Student","Stu_9a120b324c1972abf78d392273c0669b","0.236304355937218","-0.00922404703738076"
"ds392","Student","Stu_9b134ff4d6797004f950c911441f65fe","0.264683823652191","-0.00922906450402326"
"ds392","Student","Stu_9b1c2c3975f36f34d8d750a0be047a96","0.961884976500665","-0.00922915163864789"
"ds392","Student","Stu_9dd749e3dadca38262952aad53c50125","0.709132960540903","-0.00922958609957954"
"ds392","Student","Stu_9f9418234809c11dc9aa808c12dba693","0.558221496204392","-0.00922849672122652"
"ds392","Student","Stu_9fa0049978ee5bd3081dd77d0e796f16","-0.548504293650125","-0.00922870785071799"
"ds392","Student","Stu_a3d3e5af081e5c48c8c4813e2efe8172","0.238951921649014","-0.00922942084203629"
"ds392","Student","Stu_a59825a589b22aa06c5790117f429454","0.524497501455753","-0.00922317170866066"
"ds392","Student","Stu_a5f04b4eae6ef4e0dcb39e48f2dff42d","0.386977455960323","-0.00922932070327903"
"ds392","Student","Stu_ad6c537836bbaf321e83180d2bfed781","-0.0619068157587352","-0.00922798049533083"
"ds392","Student","Stu_adc7caae464b94435644bf4fa3adff80","0.232180946670439","-0.00922799922769323"
"ds392","Student","Stu_ae4104f576abc723b5b852e842d2cde9","-0.0475186224519159","-0.00922927343127784"
"ds392","Student","Stu_ae9282b0a691c672e9a9cc41123734a9","0.177406233130996","-0.00922954660161676"
"ds392","Student","Stu_af0225b31082ad218627c0f7c3941b5d","-0.0632242862649065","-0.00870764318408585"
"ds392","Student","Stu_b0c0775bb0e6562dafc8d944c52f0c88","0.0708982287570239","-0.00922829296916626"
"ds392","Student","Stu_b32246b66076273f21ee6de7cfe5da14","0.483840147555674","-0.00922901346023358"
"ds392","Student","Stu_b4b5ed6685cf69948a6f9fcbea083842","0.806723079021899","-0.00923012389403716"
"ds392","Student","Stu_bccefec9e1c2b4998e5ae229f439d357","-0.0329467511667148","-0.00922847224013546"
"ds392","Student","Stu_bd4590ffbcd98b43236446d35c79aa2b","-0.0228163122337732","-0.00922771716811545"
"ds392","Student","Stu_bdeff37eb901d61acc4e3c3c14a31819","-0.41421514936464","-0.00923023834678803"
"ds392","Student","Stu_be341c0960932d4ba94f23f398f7cc3b","-3.54185664190298e-05","-0.00922661937144108"
"ds392","Student","Stu_c1d330bd7354320f6854d4cf313ef63c","0.742347693686679","-0.00923165887860411"
"ds392","Student","Stu_c900249001ac71ca5adb72a8758b4ae6","0.456406184597741","-0.00922948279422267"
"ds392","Student","Stu_cef4e3d210d555e8d3c7a0665895a438","0.214358599007612","-0.0092282815551289"
"ds392","Student","Stu_d180be219e5cd2d8e3e4f03a48e3cb42","0.130662978106726","-0.00922915618056916"
"ds392","Student","Stu_d1b872dee4215773ac9d31259194a961","-0.110424845590189","-0.00922906493182644"
"ds392","Student","Stu_d505d3ae5b122dce420bfcae684839b6","0.755335584817607","-0.00923239213928499"
"ds392","Student","Stu_d92ea71a275f021c93329ba30b75d519","0.565982352797015","-0.00922607282789058"
"ds392","Student","Stu_dca4f775534f0eec49410565df839acc","-0.585122348774312","-0.00922809546534418"
"ds392","Student","Stu_ddc59211375d5df6b3c14377e57a5610","0.146074422195632","-0.00922864116177037"
"ds392","Student","Stu_dea736775e382db723fb1abff014253a","0.351621440891697","-0.00922898363634572"
"ds392","Student","Stu_dfafadc4475cb77a6b109643d08ec53e","0.67167746649673","-0.00922795222121131"
"ds392","Student","Stu_e0448e234fa7a373328c6036291012e1","-0.225447871108805","-0.00922694176848103"
"ds392","Student","Stu_e1174080b36dc1d05bfc2c082c5cf96f","0.536173462530611","-0.00922990635852133"
"ds392","Student","Stu_e2d917c8f198836dbcdc526d54f520b7","-0.179491819528988","-0.00922860548390096"
"ds392","Student","Stu_e3c7de130a8edf58ef27f97c3b1b0467","-0.0410686026981772","-0.00922935817316671"
"ds392","Student","Stu_e6b062c199b8076b6d731675f71b1d09","-0.19740426102242","-0.00922646437110853"
"ds392","Student","Stu_e8f77acca2deef2a7f013b20705cee3e","-0.415496831523774","-0.00922855900348446"
"ds392","Student","Stu_eebcd47a979ffd0633db70be04df260f","-0.0455193293906086","-0.00922719528474129"
"ds392","Student","Stu_f1cc89342473e6ecc07ecbcaca13664e","0.156110044695103","-0.00922883644964526"
"ds392","Student","Stu_f28a1b76104335be7b38932274e4268d","0.0991429325877913","-0.00922750571790774"
"ds392","Student","Stu_f5f754e6f03ca7de5d6853c8c274196e","-0.0563509198662898","-0.00922890263350217"
"ds392","Student","Stu_f7247cd5a450a55c8fb35c5083c085ff","0.0831796714174948","-0.0092291890152837"
"ds392","Student","Stu_f7364529247dc5435b329bcf8a5403d1","-0.201512085002243","-0.00922883973940849"
"ds394","Student","Stu_0190513911e6aca06eb29f85e8f35a09","0.136988422321179","0.000765315259349657"
"ds394","Student","Stu_02ff9f8d66f4f8830e4738b605fa81b8","0.37059523394188","0.000201209600789198"
"ds394","Student","Stu_06bcd5fa76ec8f0785a41cde5bb67540","0.0871474806541353","7.81213806264842e-05"
"ds394","Student","Stu_07ed4b5ed3ba14dad2ff88d106ecf6ce","-0.0502648228071795","-0.000606929369521301"
"ds394","Student","Stu_0d05f221b156f7ccf714ca5cfe817f9d","0.117458879807242","0.000260164716651867"
"ds394","Student","Stu_0e19a995e4349ac4488002e0d8b425a7","-0.0295477024013858","-0.000250026148980709"
"ds394","Student","Stu_0ee8852376d3c7ac9b5c372e230a4a54","0.219588998790643","0.000925012404601845"
"ds394","Student","Stu_1045b1fd07e0ec5077658c0fd3bf1f85","0.451875992296372","0.000539056037112178"
"ds394","Student","Stu_1103fe6ff5b863cbb5198bc5acb1d7a8","-0.736372588105757","-0.000599251272018823"
"ds394","Student","Stu_11935e597c9c0127104b10225d1a3a39","-0.348948522349201","0.000364315319155313"
"ds394","Student","Stu_1260c5dfd1afe276b5b1b4fae75096bc","0.333491418098015","-0.000319821783460175"
"ds394","Student","Stu_1874aa0843923facc6a72da3f824ed6a","0.161684953015534","-0.000475849085981059"
"ds394","Student","Stu_1dfc1e7dbc180a58e4db8298dae4beef","0.418152602510445","8.40364579297262e-05"
"ds394","Student","Stu_1f0fd2d5dcd69e904b2eaa9c97ca3b86","0.555128521196184","-0.000269134262764811"
"ds394","Student","Stu_22556869dd739f8a8c2830cbdbb3671d","-0.462365699443187","-0.000586766698832604"
"ds394","Student","Stu_261a36d945f6962bc996b8ee5dea4e52","-0.239668821716368","-0.000314424693283532"
"ds394","Student","Stu_28bebef8b07ec44f6db3fe3e76ad08ee","-0.235457076426826","-0.000292489326898791"
"ds394","Student","Stu_2a00b966d41cee89c32be1054052ea7c","0.0860267739023752","0.000696856042455896"
"ds394","Student","Stu_2a245737253c8648698d0e40b48fc247","-0.200254936872728","0.000322147868823373"
"ds394","Student","Stu_2d209e27c96b6bbe771e65ef5a142b03","0.531027644448928","0.000373033891145041"
"ds394","Student","Stu_2eddb62e04929fb67c00893d06914647","0.215841303108935","0.000737997623455739"
"ds394","Student","Stu_306a547f6de87e7c5ae20f056a4f36b8","0.276295719155255","6.35899494312948e-05"
"ds394","Student","Stu_36d3e9284de15068f06382cc9f7cd27e","0.656238970022602","-8.26840999962123e-05"
"ds394","Student","Stu_38ecc7f98dc606f0fdda0b5c77178a2e","-0.164358409592349","-0.000613171272202205"
"ds394","Student","Stu_3958490a8f02b53dd26fba21f8cbd9a3","0.554654552822715","4.13115760333255e-05"
"ds394","Student","Stu_3b405176f1994d2da276d3d5d7196228","-0.504815887424681","-0.000773028654429672"
"ds394","Student","Stu_3d03d9b01ae4c1dc5fc8cf1656bbb342","0.647177859422173","-1.95095930367406e-05"
"ds394","Student","Stu_3d891c12034cce526df2c44b0477da77","0.264118347618799","0.000158935685714127"
"ds394","Student","Stu_468bf59e1be5c9e3ae2e1207da83deca","0.822707156096502","0.000108480953284202"
"ds394","Student","Stu_4ae87d2255923ef5e23aef5e277af7ac","0.160838836640815","0.000100513576941562"
"ds394","Student","Stu_4b065f4dee9c3103ebde4fef62633973","0.229063620291305","0.000861128910886566"
"ds394","Student","Stu_4b26171ed7f7c381e8577fb3b84ed40d","0.714373424818942","1.19289992792888e-05"
"ds394","Student","Stu_4cae62d0a94c2b7811ef502fdf7a6d23","-0.261422391041042","-0.000560590197704545"
"ds394","Student","Stu_4debced6ed471e8c0fe054be716ddd20","-0.249507595366285","-0.000535612748585789"
"ds394","Student","Stu_545ea750d23eb8e6d33ebe495f6aa64c","0.226528860433315","-0.000698765890791571"
"ds394","Student","Stu_57b2626177e61145f8bf9d2e7e9351ce","0.466728340339915","0.000338426370919827"
"ds394","Student","Stu_5b64b302af09d5150912b116d8b19d34","0.382749250261016","-0.000426921547264895"
"ds394","Student","Stu_5f6b0951b89621d49a3aac3fb9787e4c","-0.141347700056769","0.000128294347762588"
"ds394","Student","Stu_6308b7be3ff4f759897ecdb9692f415a","0.621052860684026","4.34489782278782e-05"
"ds394","Student","Stu_6883e691c15de87db58a3342fbd17770","0.741012102862367","0.000289451408820854"
"ds394","Student","Stu_68fa1a2e3824cfc9b3d46ca6951170e2","0.133198044197144","-0.000179026355369201"
"ds394","Student","Stu_69c5ff97e812ea30cd966d351839fef0","0.294788347652649","0.000359584626004667"
"ds394","Student","Stu_6fe823348edc181c27625b5d883650ff","-0.142151392929951","-0.000855776814190488"
"ds394","Student","Stu_71992449f75bd1dd8300f80e17bf694c","-0.290535886337719","0.000101768235968641"
"ds394","Student","Stu_71a0fe768edf53d3d4c7bf47a246f24e","-0.308653678034962","-0.000545262704772903"
"ds394","Student","Stu_75adb632319e43213c15646c75a7c75a","-0.157055818029611","-0.000512045411528964"
"ds394","Student","Stu_76d3118f0123ec9958c84ecbfdad1b61","-0.278259413326704","9.58667007152024e-05"
"ds394","Student","Stu_77c5b221ff3f15ca73c0cae3b776e0f3","-0.0834772657728634","0.000111184422539615"
"ds394","Student","Stu_7879bf37d4475cd3babd3f7d813b1183","0.00268407305247316","-0.000885832224305606"
"ds394","Student","Stu_7ba06a08bdc74d6f216fad9c8ebe8b7e","0.3888346341641","0.000417676921424317"
"ds394","Student","Stu_7e93997c6432a9f035ebf48bd4bbc765","0.0778404108829122","-7.97400232221514e-05"
"ds394","Student","Stu_824a075a19c5381406c2ce3676d07a41","0.035113104015004","-0.00130183784542602"
"ds394","Student","Stu_83fe5197ea096a3c7d67500b818bcec5","0.119945219800433","0.000330485083174652"
"ds394","Student","Stu_86f8cafc7e6e48586385e1322158464b","-0.0338147842930861","-0.000454220175384976"
"ds394","Student","Stu_880f40541f1bb2a5d30467b06720e042","-0.312847704803497","0.000599885846240189"
"ds394","Student","Stu_8a306944ba864e555d56a613f3888a44","0.183146974038344","8.43435798479097e-05"
"ds394","Student","Stu_8bc41b3fb37c5b878807bc1ae45f2aa1","0.393900932862187","-0.000300796970189584"
"ds394","Student","Stu_8d7ecda5a9708083c19d4ab9f526b98b","-0.219715648581573","-0.000734273605862354"
"ds394","Student","Stu_8e3747442a5236abc59f7fd4d96441b1","0.207913898002259","-4.14099514006185e-05"
"ds394","Student","Stu_93f5de638981fbcfea2e40977903221b","0.239718172058983","0.000341386213477105"
"ds394","Student","Stu_992069f900d2c4e8aefd433966e75f60","0.562527714918465","0.000184926969091294"
"ds394","Student","Stu_996c993ec46f1e2ce741cad2aa889247","0.0463920005273014","-0.000115577666959597"
"ds394","Student","Stu_9a1be4dc5b53cc764c7361959233f231","-0.79004466121764","0.000633379889017573"
"ds394","Student","Stu_9abe6b80b92b9f14126ea74e823bc2b3","-0.0673583591031724","0.000679576450154324"
"ds394","Student","Stu_9c563541454af7161f17dd9e4a42c743","-0.315814018650176","-0.000992769446252821"
"ds394","Student","Stu_b1b443cf1e52e4c637b5c1ef000c52f7","-0.629769502274947","-0.000587549083188109"
"ds394","Student","Stu_b3217e53789fa9b4049a48eee2446268","0.30054299320941","6.61661076115871e-05"
"ds394","Student","Stu_b48d307246d18dd1063a080212b2a7f2","0.0373440060962795","-8.39305829136456e-05"
"ds394","Student","Stu_b5394231b56e94e0c71142a11844cd91","-0.459350285786784","-0.000627838039456767"
"ds394","Student","Stu_b7b0b71801028a2354cbc4e0211c9b54","0.420582613682386","9.10046927976455e-05"
"ds394","Student","Stu_bb5d09f751d07b02f0f649db6c07be57","0.219451433464522","-0.000524304254594502"
"ds394","Student","Stu_bc56c6703baee3fdaa65b7d4150e4608","-0.411011082992442","-0.00103356216671328"
"ds394","Student","Stu_bcd40919eb4378c5d5c16543b91093d7","-0.1824498115355","6.94927551712581e-05"
"ds394","Student","Stu_bda599ac7e9f9ad171a08922778f89cc","0.0732999425923794","0.000738707364929239"
"ds394","Student","Stu_c15e9d7d89c0cde38458009c36f9a8be","0.10993095480217","0.000566361592742161"
"ds394","Student","Stu_c5898e3fddbe2b96f190e2484e12619a","-0.455836066003772","7.46626816598161e-05"
"ds394","Student","Stu_caf201efe4d13660649088084876269c","-0.072730328319472","-0.000271064063111075"
"ds394","Student","Stu_cd9d0d1d8e2217ff5fb3ae07c025f47e","-0.517037764179573","-0.000168924448400087"
"ds394","Student","Stu_cdfc0523794e6287b30c40906b81274a","0.317699461515599","-0.00026794510400761"
"ds394","Student","Stu_d03f9eb681f5de9c6d30fb1b402af6d9","0.528523443230546","0.000490932840320717"
"ds394","Student","Stu_d7cecee7396cbf3429973744cbbaa38e","-0.617365664658816","-4.60442181107286e-05"
"ds394","Student","Stu_d873da81541cfe8f09971507d1a81772","-0.471565384728311","-0.00038444409794377"
"ds394","Student","Stu_d9f156333b2426fbac540f86dc742f4f","-0.410181639809762","0.000542065112238469"
"ds394","Student","Stu_daf9b7c0574046f50d3ee18b7400584f","-0.263642668889938","0.000103129884168168"
"ds394","Student","Stu_dc531fbbe9b3bd95827e0c96a5f626c0","-0.000413157356562521","-0.000136107030186983"
"ds394","Student","Stu_e66b4950cf2b48b76169f8adc339b453","-0.547652694211139","0.00163064324945007"
"ds394","Student","Stu_e82f977524bd8634487263cb2c0fc618","0.275936572515333","0.000183416832992005"
"ds394","Student","Stu_e8efe4ebc363432be1e381e38638b492","-0.359407514848997","5.54051098285562e-05"
"ds394","Student","Stu_f0c808012bd2decb2bee9f44e191a804","0.192449433928972","0.000264939944293451"
"ds394","Student","Stu_f116927c0001adbee76b30160c82f243","0.1957531530156","0.000545637989262048"
"ds394","Student","Stu_f2b7b791b73b566289a4a30a8d4eb0ba","0.142918855157751","0.000627934547616223"
"ds394","Student","Stu_f3dc5663670862d899dec84354db10c1","-0.169827549789688","-0.000186869136068318"
"ds394","Student","Stu_f45ca8913f0faa84cd59e3d7791d9979","0.159995680510652","0.000643766819732153"
"ds394","Student","Stu_fa9e923fd9fd972d16a640de80b933f6","-0.661941709808645","-0.000597258070629335"
"ds394","Student","Stu_fc0c42d401bee10a266c404df093fba4","-0.401931337653977","0.000138693413180266"
"ds394","Student","Stu_ff299cef675f104bfb7ef281c1706cf8","-0.0978711672299835","0.000128184020041831"
"ds394","Student","Stu_ff3bded1bfc5b2043b1dd3095cc44201","0.0942591097046082","0.000384246161405817"
"ds1980","Student","Stu_041fb849e3666445b89f38291a16e14f","0.160774924080132","0.000245022986769737"
"ds1980","Student","Stu_0cfe376b6d43e62ee45d406412aa2e42","-0.342852117839441","-0.000489387810619848"
"ds1980","Student","Stu_100febfa39c9fd2beffc1b3e1058c4d5","-0.151082176010254","-0.000127210086574852"
"ds1980","Student","Stu_123da00b8dbc39e3a689c2f0283a9efe","0.0830837885714153","9.68293140815218e-05"
"ds1980","Student","Stu_13bf8e0a32ed009a4de8dbe087d3048a","0.433356550924416","0.000559092440902695"
"ds1980","Student","Stu_159a92e0338a2b3ee6cb997255e76184","0.200591118381436","0.000218669561057466"
"ds1980","Student","Stu_1a51cc2d4927dafba7cd5d47c9347b4f","0.200821393859815","0.000196860647773619"
"ds1980","Student","Stu_1ca56c6272e0d436f94190c07595dd9b","-0.0779978824865982","0.000105179437579314"
"ds1980","Student","Stu_22900f3c373f7c868dcc37d9c279dd57","-0.211238624610774","-0.000263055341226537"
"ds1980","Student","Stu_237e771231f0fb2e6571f2a7d3b5e7c5","0.187928332638712","0.000303346482130371"
"ds1980","Student","Stu_250fc4b5b739682732758be79155a134","0.432633701690894","0.00040364964712898"
"ds1980","Student","Stu_25179d7ea8d998ff7786c2ff39b8c442","-0.0691327450751137","1.06873894454721e-05"
"ds1980","Student","Stu_25feba966f84b4bbc108d7605e041ac0","0.4616978097914","0.000329147887557221"
"ds1980","Student","Stu_28cdf332b1000cfc23471260a1d457df","0.28610220770356","0.000279035220598957"
"ds1980","Student","Stu_29e247b9a5b28c613c8eaab020f83d6f","-0.0974096718680259","-0.000190965540411806"
"ds1980","Student","Stu_2aa8006c8ea1d18c8a92ac48318e6544","0.0900186380903661","0.000120858115373185"
"ds1980","Student","Stu_2abd1e4d34f95967ffe60d26b3b789f4","0.398235568193215","0.000388483438961335"
"ds1980","Student","Stu_3111cf0f0c395df89fc442298823773c","0.405772073006033","0.000406507408174901"
"ds1980","Student","Stu_32a5200f9354f6c12c7f33a7f07a1051","-0.243194207785571","-9.60246204302608e-05"
"ds1980","Student","Stu_33f3f1aa8c1a5748602fbc2697f023ae","0.357132692054195","0.000369620148041661"
"ds1980","Student","Stu_34188f4af8eeedb926a7ffe15bca3437","-0.469710808512349","-0.000529742487500252"
"ds1980","Student","Stu_35932be1a46a6c5da47d6aebe14f8ba8","0.260353987875794","0.000212668584102439"
"ds1980","Student","Stu_366102e3c0b0cf9e327325480729fd8d","-0.036997082465681","9.21496199253364e-05"
"ds1980","Student","Stu_3999f8c7a7c336d41320eb0f8a870c7f","-0.642972500231546","-0.00128849707613693"
"ds1980","Student","Stu_39d13dc6a82f74a488928cc76037e570","-0.113136062339399","-0.000223311943304954"
"ds1980","Student","Stu_3a5f8de4b132c2dbdaf4f6c0bc99f1c9","0.328148174607435","5.83104691303392e-05"
"ds1980","Student","Stu_3c2c15fc80ac425fec47f11fae1b185d","-0.32442446092012","-0.000130048508584026"
"ds1980","Student","Stu_3c4b15a44d99caec27e540063ce1d38b","-0.0462950163358097","-0.000176953416810284"
"ds1980","Student","Stu_3d51ae1a381d46e03356714d127c92b3","0.676941053678887","0.000783341674366801"
"ds1980","Student","Stu_3f92af0cda94f210ff122a43876dae8e","0.245259478205171","-0.000107015198054366"
"ds1980","Student","Stu_401fca6dce592c44d5fedadeecdce67c","0.10694450908275","0.000199530472801349"
"ds1980","Student","Stu_42447e13f032eb47225ce08b4dbc6199","-0.242089526716078","-8.55149529285741e-05"
"ds1980","Student","Stu_44c8e101e166311d3385fa383e49c25c","0.130444084963584","0.000371304932513283"
"ds1980","Student","Stu_4a05d52e2fd764975b37221277a88cbd","-0.217694198435021","-0.000140922999493825"
"ds1980","Student","Stu_4a46444a4496d37f74d54aca5b924bd6","0.076851317204286","0.000302414400719851"
"ds1980","Student","Stu_4adef25d9541addeab63426a70601856","0.541391176802329","0.000670382244676982"
"ds1980","Student","Stu_4b26171ed7f7c381e8577fb3b84ed40d","0.103859059042952","6.60309663286541e-05"
"ds1980","Student","Stu_4c82ad4a84d12ab5867d6949a905ed0e","-0.00848264259034546","5.95713420435327e-07"
"ds1980","Student","Stu_56155a34d6a92c2e4e981a555d0a4d3e","-0.212818830913831","-0.000385106290749965"
"ds1980","Student","Stu_5c04d4a80dfb363c4dd73409e8367e59","-0.167257073402827","-4.54351259857861e-05"
"ds1980","Student","Stu_5d8b4579abf1c07b755291bd67cf8fc0","0.232309283419282","0.000331864103026464"
"ds1980","Student","Stu_60a385f6b3d29cdfd0b85c25c0af57f8","-0.750182238667075","-0.00114109681050824"
"ds1980","Student","Stu_649fdcf129a16b4aff0801e16dea93a0","-0.202508258696996","-0.000492564661149012"
"ds1980","Student","Stu_65808c89eae2e64bf14595d564244000","0.222814569803553","-1.16168853295581e-05"
"ds1980","Student","Stu_6998a5d292928ce86f3e796992892e5d","0.230159137044009","0.000295562332555904"
"ds1980","Student","Stu_6ad0f556ef5ed9f92732171716d4d408","-0.107412932169131","-0.000204006964312782"
"ds1980","Student","Stu_6f38f7751c580f8b2a753919a27388e8","0.0384362833746394","5.53692483402945e-05"
"ds1980","Student","Stu_74aa5d9b133b609206932ec2d7d47f41","0.244794746664464","0.00044099246217656"
"ds1980","Student","Stu_75db9f0e43149e9aa243c2577f62a24c","-0.50885631382309","-0.000318449762269194"
"ds1980","Student","Stu_7b7b7d6d17874e5f48dc009d57348a81","-0.399399309226564","-0.000121176738768782"
"ds1980","Student","Stu_7d9a5bed545c93264baee682589e0260","0.0333646201817316","0.000233467008783108"
"ds1980","Student","Stu_8050e186fc8ecb1edd22a2a0a57cf506","0.178852361747215","-0.000267289450396415"
"ds1980","Student","Stu_80d7810a29f8546c7d117b09f78dc972","0.328233751904473","0.000423631803016371"
"ds1980","Student","Stu_815a3a27999f584286ea08cbfb001af3","-0.397276407025046","-0.000209805243065894"
"ds1980","Student","Stu_833228a3c188a6fcca2f101f5a015cad","0.181841083748567","3.42499897301257e-05"
"ds1980","Student","Stu_83b0d51ba2495959c6cc813a0ccc70d3","0.123321899912055","0.000145887475061075"
"ds1980","Student","Stu_880f40541f1bb2a5d30467b06720e042","-0.179818118127573","4.58071810889627e-06"
"ds1980","Student","Stu_8d61ee38c523b6e7b11c289b84983016","-0.230912256100797","-0.000452026039635035"
"ds1980","Student","Stu_8d95748464343f1cf3f5d026fc4fa543","-0.178421487729788","5.75605873283233e-05"
"ds1980","Student","Stu_8f3fe00feff7a4b86f43165a70be2440","-0.0968473179271133","2.91905820576591e-05"
"ds1980","Student","Stu_8f6722e84af7db4a04dbd113e8e7662f","-0.763149366183635","-0.000435626544565091"
"ds1980","Student","Stu_8f8e20851a8c76a0dffd82f1bc8a83a2","-0.0245661691767171","0.000147955631929513"
"ds1980","Student","Stu_909f13af5ada9b2849647c29088c0c41","0.0924887827678141","5.94054273243646e-05"
"ds1980","Student","Stu_91efff5e7353bbeef1ff053ffdb7fe3f","-0.0269230344262887","-0.000192866785781225"
"ds1980","Student","Stu_93aaba3d42a8779b91d53fc7503c5eca","-0.457068431932513","-0.000743026613643282"
"ds1980","Student","Stu_93f5de638981fbcfea2e40977903221b","-0.570781994924222","-0.00054500576461071"
"ds1980","Student","Stu_95524706a3c09416a25ae62ec006986d","-0.149999716029961","-0.000287744151666236"
"ds1980","Student","Stu_96f0441e08a6ce7bbbc33285213c6a23","0.12844329907843","0.000226695948470343"
"ds1980","Student","Stu_96ffda6c12fa058a56dd1b96e737e2ab","0.183769737619488","0.000155848865293127"
"ds1980","Student","Stu_97125b70930cb4f8ba5cfe9d0e4925df","-0.25092530136611","-0.000271669602938271"
"ds1980","Student","Stu_97cd9e76db8fbd725fa974b26bba4b91","0.221229076555091","0.00034666073094807"
"ds1980","Student","Stu_9800002f316a662a2f6d8c13ef10d419","-0.170829722685861","-0.000336455463321482"
"ds1980","Student","Stu_9c58cb8eb3e99cb5d05a2d5da5da5df5","0.237461012734075","0.000297953522226879"
"ds1980","Student","Stu_9c806e96db0e635f447ac3e8f6089feb","-0.524147330921815","-0.000543002412661251"
"ds1980","Student","Stu_9f71b83c07aebf5c456355e004ff1826","0.458310679790449","0.000542546824580142"
"ds1980","Student","Stu_a3b616d8e1fed5731bee5cacd781d40e","0.190069471815992","-2.47777996177152e-05"
"ds1980","Student","Stu_a4ea613942a6a43460fdf7a6e1603127","-0.090480944170423","-6.79535321510645e-05"
"ds1980","Student","Stu_a81d92d5678cc225602afe4849d5a535","0.012677255061928","-3.38475587948896e-05"
"ds1980","Student","Stu_a9acb6ebb9dfc5e56bdcc2f3b84c4436","0.502153083933925","0.000605890514219038"
"ds1980","Student","Stu_aa1df420238e0906cec771f1c518ae19","-0.199835232656194","-9.05548956914799e-05"
"ds1980","Student","Stu_aa6f4e92f8db9ba1520d2066a7ea49c5","-0.348669761639905","-6.26013075882105e-06"
"ds1980","Student","Stu_aaad4a372e6af061d4f9da237eff33dd","0.226825988516039","0.000356618138296735"
"ds1980","Student","Stu_aed00d4570746ca5c57860b2aa1f090e","-0.104103960829296","-2.13696900611592e-05"
"ds1980","Student","Stu_af289e31293a4846e67ecd8d4b0b222a","0.172603405346563","7.66834348678454e-05"
"ds1980","Student","Stu_af33a28eceae830d759fa6484748ae4d","0.350609135876282","0.000510959762013957"
"ds1980","Student","Stu_b02f932adb614c6e30e0013619569b40","0.326363621767481","0.000372882590311545"
"ds1980","Student","Stu_b0a07688a95950903faa8ecd852c9468","0.0985360809133276","0.00029227938879578"
"ds1980","Student","Stu_b48d307246d18dd1063a080212b2a7f2","0.265306017471911","6.87278848625222e-05"
"ds1980","Student","Stu_b75499dfb53bafe7ad1b64095cd4b40f","0.105895588440649","-3.3290618518708e-05"
"ds1980","Student","Stu_b76258e9467fe4feab00f97e0c30be57","-0.240429386805939","-0.000198866631534998"
"ds1980","Student","Stu_b89555ea7cb31d2700e3a84189f55c21","0.631915763786136","0.000723220831592808"
"ds1980","Student","Stu_ba9e89189229ea128fc3d42006309bec","-1.24998527767055","-0.00140509918994019"
"ds1980","Student","Stu_bb34cf3fb2766a202123759bca1c8497","-0.0817076854321924","-2.21736292609754e-05"
"ds1980","Student","Stu_bc3c64608eee881b79b9393c951f69f4","-0.312495767683912","-0.000117095533627279"
"ds1980","Student","Stu_c15c52bf780801e07f9af874af66bad7","0.186646454578168","0.000371749620694628"
"ds1980","Student","Stu_c1649379fdd2d1e3c19f10aba4d4af63","-0.0105889849108372","-0.000245909067562722"
"ds1980","Student","Stu_ce6ff3a39034686a3c92142a6d7d8a56","0.207263430675205","0.000195179951933553"
"ds1980","Student","Stu_cf1a88f27a058c42d015d72219ace002","0.0832336289209584","-6.64802364860355e-05"
"ds1980","Student","Stu_d173f4b62fd2030a4591b8e728fdcd65","0.250258725825694","7.65593514401247e-05"
"ds1980","Student","Stu_d2f26911d7a57b4236c7e63eca1068e7","0.727559436524104","0.000755571349732775"
"ds1980","Student","Stu_d475e7fbe1d85be6f06bcc2ea61d324b","0.214808184989769","8.73329780311022e-05"
"ds1980","Student","Stu_d8cb7b9fcebafb63e40152e078b26f56","0.174760438190536","5.90784541984885e-05"
"ds1980","Student","Stu_d961e0975b0a97b6d9b90f57af203566","0.633520137607698","0.000631259330121182"
"ds1980","Student","Stu_dcf10aca5d3d36b8f8c0693c02a2a956","-0.0634499642871686","-0.000124311174443827"
"ds1980","Student","Stu_e2430eaaf166b1882c55d549059f8bdd","0.436771630694011","0.000311705530254323"
"ds1980","Student","Stu_e26b0ea966207148fffc42c17f3f5e7b","-0.361105945962613","-0.000373681797197387"
"ds1980","Student","Stu_e2d470c2c316f48a848dbeed1628f7f9","0.0704060081101261","-9.02718262824049e-06"
"ds1980","Student","Stu_e3cac07031cc48d88921e3b2d489ff50","-0.138453656206755","-7.93308564103663e-06"
"ds1980","Student","Stu_e5cafbfebde5d638511c13ab2b64a9c7","0.0310272670790548","-5.69108818889181e-06"
"ds1980","Student","Stu_ecc125323929a8cd805ecb1f8ce86f25","0.0714669412061669","-0.000279461529215488"
"ds1980","Student","Stu_ed10bfd5062f6a6d0dc8e3d2dd81f87a","0.379981387877446","0.000271932652943921"
"ds1980","Student","Stu_ee0397049db8682c3489da2c5b325d57","0.252676367030972","0.000334621184522722"
"ds1980","Student","Stu_ef03d325c30589c1feaec7dbc259b80b","0.213863630976711","0.000197313562991496"
"ds1980","Student","Stu_f0c808012bd2decb2bee9f44e191a804","0.128907540272208","0.000282718895973005"
"ds1980","Student","Stu_f250109f4aa7fb68817dc9d4ae9f9f90","0.010138143653797","0.000277557880946113"
"ds1980","Student","Stu_f98da809cb626f058e3f00318cf03ff8","-0.181335514680938","-0.000179006501588794"
"ds1980","Student","Stu_fd827e1723551fa6b7dd354c49608ffb","0.226518996693192","-3.01932697753315e-05"
"ds1980","Student","Stu_fec6c7f76b6c040c92b72224d8fa597e","-0.239057569446781","-0.000116043426677236"
"ds1980","Student","Stu_fed1106d5889b98e7d06faed8a14716f","-0.327977722491016","-0.000355584259319807"
"ds1980","Student","Stu_ff28e516f27ee4cd1492fceb9d39fdfa","0.0376780331645069","-0.000101491475127395"
"ds372","Student","Stu_02ff9f8d66f4f8830e4738b605fa81b8","0.176700590607947","0.000212894315011043"
"ds372","Student","Stu_03e97ac0c6a5153b41bd7f92e105d87a","0.259004309171","-0.000123024945215986"
"ds372","Student","Stu_06bcd5fa76ec8f0785a41cde5bb67540","-0.808808431877233","1.01951285092152e-05"
"ds372","Student","Stu_0d05f221b156f7ccf714ca5cfe817f9d","0.307137255946296","-0.000283741175051393"
"ds372","Student","Stu_0dbe243a6284b390c9d3c6a347d4a142","-0.0960181020417139","0.000417392857661731"
"ds372","Student","Stu_11935e597c9c0127104b10225d1a3a39","-0.554291259945029","4.47266343693815e-05"
"ds372","Student","Stu_1260c5dfd1afe276b5b1b4fae75096bc","0.443077590065201","4.12088484946077e-05"
"ds372","Student","Stu_1cca6848ac672c0940af9081976a8e52","0.711391575306304","-0.000105785239927821"
"ds372","Student","Stu_1dfc1e7dbc180a58e4db8298dae4beef","0.12866211965775","0.00014687279091649"
"ds372","Student","Stu_1ebd66a2966ad592d20cdf4b87377f3b","0.780573859361191","-0.000215627830579575"
"ds372","Student","Stu_204454e3b7d3dc606e2038d0f7556c01","0.0172534342161104","-7.35443293149445e-05"
"ds372","Student","Stu_23fb28e182e1df0f78aea584b7024561","-0.571867782363651","-0.00054524809232066"
"ds372","Student","Stu_25179d7ea8d998ff7786c2ff39b8c442","0.795409518150122","0.000203724835615386"
"ds372","Student","Stu_25feba966f84b4bbc108d7605e041ac0","0.363139895992085","0.000144779280723051"
"ds372","Student","Stu_2657778200969434d80f13498ef0c1f4","-1.10314472745261","-0.000274350878273152"
"ds372","Student","Stu_26f9c7db2c04e5304c22c60d1ff5dcd1","-0.216127323550594","0.000171992456023671"
"ds372","Student","Stu_28cdf332b1000cfc23471260a1d457df","0.256413393129763","0.000232531453411539"
"ds372","Student","Stu_294946cd4c7b6b27f92f06301be3fd61","0.211386407853983","0.000292454391885845"
"ds372","Student","Stu_2a9294218fb56eb7c2e0d737eba73035","-0.289516115024019","-0.000333786650356187"
"ds372","Student","Stu_2b4471a38a544468fa3abb6f9b581138","-0.252712922830262","0.000593774799174353"
"ds372","Student","Stu_31bd0500e74932670d3dd59e4d780400","-1.15664917775917","-0.000669818139739048"
"ds372","Student","Stu_31ec0429f4f1aec75cf32839c741390f","0.233082467457462","-0.000153358047696947"
"ds372","Student","Stu_325cf37116b6953295aadc7a856cd952","0.227456881523615","-0.000388407187023908"
"ds372","Student","Stu_34b8ede097ef1a06593aafcd5c26ead1","-0.169725257471687","-0.000140665712742039"
"ds372","Student","Stu_36d3e9284de15068f06382cc9f7cd27e","0.527927337898255","0.00015129078168409"
"ds372","Student","Stu_3d03d9b01ae4c1dc5fc8cf1656bbb342","-0.248414406580881","-0.000665932874017639"
"ds372","Student","Stu_3d51ae1a381d46e03356714d127c92b3","0.375777661485701","-0.000311418860658132"
"ds372","Student","Stu_3fbb34263907c936aa6349cd380ad3eb","-0.269737582145544","-0.000388777651958667"
"ds372","Student","Stu_40ae05e9f408fb82ced833d939e55a89","0.999750636410309","4.81983163973148e-05"
"ds372","Student","Stu_47a1ec425b35a7f2c76e6a24b8029bfe","0.375908945075488","0.000117676698221199"
"ds372","Student","Stu_4a05d52e2fd764975b37221277a88cbd","-0.147921182871116","4.58518970889215e-05"
"ds372","Student","Stu_4adef25d9541addeab63426a70601856","1.22500421106728","0.0001478166368475"
"ds372","Student","Stu_4b065f4dee9c3103ebde4fef62633973","-0.493653606516059","0.000504681100647347"
"ds372","Student","Stu_4c82ad4a84d12ab5867d6949a905ed0e","0.29745142945975","9.43177919728067e-05"
"ds372","Student","Stu_4cd8e0eb36b8ed2efa1404828b70ce69","0.0200381782375761","0.000210874674078547"
"ds372","Student","Stu_534aa4283c60d0a2f7aed38dc1dff1b7","0.0481574437159276","-0.000365687400012005"
"ds372","Student","Stu_54256c3930ce73c89c6d0dc47fe2f8e3","-0.781514276242173","-0.000539440804172934"
"ds372","Student","Stu_545ea750d23eb8e6d33ebe495f6aa64c","-0.0234851739297777","-0.000429880839850733"
"ds372","Student","Stu_57b2626177e61145f8bf9d2e7e9351ce","0.721377156140429","0.00022035128689008"
"ds372","Student","Stu_6003976eee19331a30c80aa29acb72f1","0.28502869616362","0.000167141329087471"
"ds372","Student","Stu_6308b7be3ff4f759897ecdb9692f415a","0.042329101343032","0.000534998992096494"
"ds372","Student","Stu_6883e691c15de87db58a3342fbd17770","0.299602977523839","0.000284889502304467"
"ds372","Student","Stu_68a13bf39470b0d9e118c061224d5959","0.436528864286312","0.000143467063843658"
"ds372","Student","Stu_68fa1a2e3824cfc9b3d46ca6951170e2","0.263140700440351","0.00012645294637077"
"ds372","Student","Stu_69c5ff97e812ea30cd966d351839fef0","-0.189357178469696","0.000247965642338091"
"ds372","Student","Stu_71992449f75bd1dd8300f80e17bf694c","-0.053280730303819","-0.000364744807062104"
"ds372","Student","Stu_73c7bf36c4887312f56ce8cd5d7bf454","0.33506018445785","1.9023005954488e-07"
"ds372","Student","Stu_74711c50f8798565acd136fa23d91454","-0.4672399570806","0.000386777391077663"
"ds372","Student","Stu_76d3118f0123ec9958c84ecbfdad1b61","-0.798826754699623","0.000155724008098235"
"ds372","Student","Stu_7aee2f063175b36f700f096c97f85b21","-0.454066450618552","-0.000230452423560342"
"ds372","Student","Stu_7c640f341265a5b21e8d0e87afd685a7","0.0959139817625891","0.000106292144565231"
"ds372","Student","Stu_84a39fbafcda174c47d01dafb361c219","0.469085687168385","-5.33285737995889e-06"
"ds372","Student","Stu_880f40541f1bb2a5d30467b06720e042","-0.356689399402171","-8.65767922701196e-06"
"ds372","Student","Stu_89f4506d8356b77960f02e81fd6b43e3","-0.0695452126072163","0.000452820028899655"
"ds372","Student","Stu_8a306944ba864e555d56a613f3888a44","0.416234663898117","0.000141688213144335"
"ds372","Student","Stu_8b2256214d21dcc5542f8a1394b7b408","0.175427475897163","3.53948953309923e-05"
"ds372","Student","Stu_8bc41b3fb37c5b878807bc1ae45f2aa1","0.357241652414968","0.000255108900828866"
"ds372","Student","Stu_9245c031ca739d72b1fa296e8cd56ee0","0.127247336262219","0.000107464976228984"
"ds372","Student","Stu_93f5de638981fbcfea2e40977903221b","0.0589624693550927","-0.000427713145895762"
"ds372","Student","Stu_96ccb4bd94498cee52085df71fcf1573","0.176914516863438","-0.000103244572200164"
"ds372","Student","Stu_97cd9e76db8fbd725fa974b26bba4b91","0.82747614013791","-3.25378860890752e-05"
"ds372","Student","Stu_992069f900d2c4e8aefd433966e75f60","0.381706527145696","3.44610692325893e-05"
"ds372","Student","Stu_993478b4265e7b5237ed26ef155aedf4","0.519008360601622","3.91641658627713e-05"
"ds372","Student","Stu_996c993ec46f1e2ce741cad2aa889247","0.0332081216196912","1.24532280467032e-05"
"ds372","Student","Stu_9abe6b80b92b9f14126ea74e823bc2b3","-0.813669912688176","-7.33259912432257e-05"
"ds372","Student","Stu_9b4ca419402c08d40f242f453b9d8101","0.793995200368751","4.49635088932159e-05"
"ds372","Student","Stu_9d7eabb01a22d50d022daa675433828c","0.461851002060993","0.0001758940001183"
"ds372","Student","Stu_a2a6385c6162b29384ff626e0cafe06f","-0.878022026435022","0.000450184554013636"
"ds372","Student","Stu_a660748ea40f24352a66ceeb7db36af6","0.0873773318872966","6.67645078288882e-05"
"ds372","Student","Stu_af1b025f788b061748aca1c62205189a","0.806563239311263","0.000213106913751866"
"ds372","Student","Stu_b02f932adb614c6e30e0013619569b40","0.153047104517679","8.33363780013218e-05"
"ds372","Student","Stu_b1b443cf1e52e4c637b5c1ef000c52f7","-0.780602890198353","-0.000402384150594707"
"ds372","Student","Stu_b3217e53789fa9b4049a48eee2446268","-0.623717292696283","0.000362618718764229"
"ds372","Student","Stu_b63e5c480951e7ce50d4b3ec507ab0c9","-0.451267144512176","-0.000196821156263927"
"ds372","Student","Stu_bb5d09f751d07b02f0f649db6c07be57","0.600311717446187","8.0671111283804e-05"
"ds372","Student","Stu_bd3e944b159e4364db1c1d494ada965f","-0.256816971949057","-0.000196051417555735"
"ds372","Student","Stu_bda599ac7e9f9ad171a08922778f89cc","0.0379531580458097","0.000214759718099422"
"ds372","Student","Stu_c15e9d7d89c0cde38458009c36f9a8be","0.159827679456755","0.000247494505593619"
"ds372","Student","Stu_c1649379fdd2d1e3c19f10aba4d4af63","-0.0876822186181867","-0.000649170413938075"
"ds372","Student","Stu_c5898e3fddbe2b96f190e2484e12619a","-0.412604742683795","4.78344456145539e-06"
"ds372","Student","Stu_c8b467582cf2f678278542d075eb00ee","0.470892419036355","-0.000129089094438288"
"ds372","Student","Stu_c8b8c7b0ea3e4cec2998d6efd39839c3","0.206055143630842","-0.000327969125631544"
"ds372","Student","Stu_ca4b4c740bb83f4b1bf263fab91324a4","0.133312622235128","-3.37056780878698e-05"
"ds372","Student","Stu_cd9d0d1d8e2217ff5fb3ae07c025f47e","-0.772380010922297","-0.00033872813901738"
"ds372","Student","Stu_ce6ff3a39034686a3c92142a6d7d8a56","0.884232839385506","0.000160553836710319"
"ds372","Student","Stu_cef85099abbd871b7c938003c9698bc3","-0.652231331315874","-5.08745583663286e-05"
"ds372","Student","Stu_d03f9eb681f5de9c6d30fb1b402af6d9","0.81110905936607","5.95233057529444e-06"
"ds372","Student","Stu_d23a1c6fb765e481fa5ab9e3a2e0acc1","-0.624904469492798","-5.82365464165328e-05"
"ds372","Student","Stu_d5afa931c18970e3214df41f50bf64a0","0.822132405530748","-9.22246477239459e-05"
"ds372","Student","Stu_deb3817247de4b58d34bb08bbf3224fd","-0.10737995330001","-5.59098670332325e-05"
"ds372","Student","Stu_dfad2e1090bb491efe7e76fa47644110","-0.358841695514423","-0.000209981153708158"
"ds372","Student","Stu_e8efe4ebc363432be1e381e38638b492","-0.677620241804017","-0.00028126678394269"
"ds372","Student","Stu_efe0a6762e2b480babe6577c1af04e38","-0.254467669584678","-1.88861182136095e-05"
"ds372","Student","Stu_f0c808012bd2decb2bee9f44e191a804","0.674778727549743","-0.000208716756261073"
"ds372","Student","Stu_f116927c0001adbee76b30160c82f243","-0.538347808752206","0.000250597158251001"
"ds372","Student","Stu_fb4a97f6a003c4553b20e1e4292600a3","0.0010459143514479","0.000232317135556777"
"ds372","Student","Stu_fdfce35619470b81fa1fc0b5b24da191","0.318328392543486","0.000101851743889048"
"ds372","Student","Stu_fe866739c48596c695749c00e63788b2","-0.0149209438269588","9.48950242109158e-05"
"ds372","Student","Stu_ff3bded1bfc5b2043b1dd3095cc44201","0.281979383439672","-0.000187427572685093"
